Format Version,1.25,Take Name,Line_x-RL,Take Notes,,Capture Frame Rate,120,Export Frame Rate,120,Capture Start Time,2025-10-07 02.39.04.750 PM,Capture Start Frame,430654,Total Frames in Take,1200,Total Exported Frames,1200,Rotation Type,Quaternion,Length Units,Centimeters,Coordinate Space,Global,,,,,,
,,,,,,,,,,,,,,,,,,,,,,,,,,,,,
,Type,Marker,Marker,Marker,Marker,Marker,Marker,Marker,Marker,Marker,Marker,Marker,Marker,Marker,Marker,Marker,Marker,Marker,Marker,Marker,Marker,Marker,Marker,Marker,Marker,Marker,Marker,Marker,Marker
,Name,Unlabeled 1026,Unlabeled 1026,Unlabeled 1026,Unlabeled 1026,Unlabeled 1027,Unlabeled 1027,Unlabeled 1027,Unlabeled 1027,Unlabeled 1028,Unlabeled 1028,Unlabeled 1028,Unlabeled 1028,Unlabeled 1029,Unlabeled 1029,Unlabeled 1029,Unlabeled 1029,Unlabeled 1030,Unlabeled 1030,Unlabeled 1030,Unlabeled 1030,Unlabeled 1031,Unlabeled 1031,Unlabeled 1031,Unlabeled 1031,Unlabeled 1032,Unlabeled 1032,Unlabeled 1032,Unlabeled 1032
,ID,C5:E88AB066A3AC11F0,C5:E88AB066A3AC11F0,C5:E88AB066A3AC11F0,C5:E88AB066A3AC11F0,C6:E88AB066A3AC11F0,C6:E88AB066A3AC11F0,C6:E88AB066A3AC11F0,C6:E88AB066A3AC11F0,C7:E88AB066A3AC11F0,C7:E88AB066A3AC11F0,C7:E88AB066A3AC11F0,C7:E88AB066A3AC11F0,C8:E88AB066A3AC11F0,C8:E88AB066A3AC11F0,C8:E88AB066A3AC11F0,C8:E88AB066A3AC11F0,C9:E88AB066A3AC11F0,C9:E88AB066A3AC11F0,C9:E88AB066A3AC11F0,C9:E88AB066A3AC11F0,CA:E88AB066A3AC11F0,CA:E88AB066A3AC11F0,CA:E88AB066A3AC11F0,CA:E88AB066A3AC11F0,CB:E88AB066A3AC11F0,CB:E88AB066A3AC11F0,CB:E88AB066A3AC11F0,CB:E88AB066A3AC11F0
,Parent,,,,,,,,,,,,,,,,,,,,,,,,,,,,
,,Position,Position,Position,Position,Position,Position,Position,Position,Position,Position,Position,Position,Position,Position,Position,Position,Position,Position,Position,Position,Position,Position,Position,Position,Position,Position,Position,Position
Frame,Time (Seconds),X,Y,Z,Size,X,Y,Z,Size,X,Y,Z,Size,X,Y,Z,Size,X,Y,Z,Size,X,Y,Z,Size,X,Y,Z,Size
0,0,,,,,,,,,,,,,,,,,,,,,,,,,,,,
1,0.008333,,,,,,,,,,,,,,,,,,,,,,,,,,,,
2,0.016667,,,,,,,,,,,,,,,,,,,,,,,,,,,,
3,0.025,,,,,,,,,,,,,,,,,,,,,,,,,,,,
4,0.033333,,,,,,,,,,,,,,,,,,,,,,,,,,,,
5,0.041667,,,,,,,,,,,,,,,,,,,,,,,,,,,,
6,0.05,,,,,,,,,,,,,,,,,,,,,,,,,,,,
7,0.058333,,,,,,,,,,,,,,,,,,,,,,,,,,,,
8,0.066667,,,,,,,,,,,,,,,,,,,,,,,,,,,,
9,0.075,,,,,,,,,,,,,,,,,,,,,,,,,,,,
10,0.083333,,,,,,,,,,,,,,,,,,,,,,,,,,,,
11,0.091667,,,,,,,,,,,,,,,,,,,,,,,,,,,,
12,0.1,,,,,,,,,,,,,,,,,,,,,,,,,,,,
13,0.108333,,,,,,,,,,,,,,,,,,,,,,,,,,,,
14,0.116667,,,,,,,,,,,,,,,,,,,,,,,,,,,,
15,0.125,,,,,,,,,,,,,,,,,,,,,,,,,,,,
16,0.133333,,,,,,,,,,,,,,,,,,,,,,,,,,,,
17,0.141667,,,,,,,,,,,,,,,,,,,,,,,,,,,,
18,0.15,,,,,,,,,,,,,,,,,,,,,,,,,,,,
19,0.158333,,,,,,,,,,,,,,,,,,,,,,,,,,,,
20,0.166667,,,,,,,,,,,,,,,,,,,,,,,,,,,,
21,0.175,,,,,,,,,,,,,,,,,,,,,,,,,,,,
22,0.183333,,,,,,,,,,,,,,,,,,,,,,,,,,,,
23,0.191667,,,,,,,,,,,,,,,,,,,,,,,,,,,,
24,0.2,,,,,,,,,,,,,,,,,,,,,,,,,,,,
25,0.208333,,,,,,,,,,,,,,,,,,,,,,,,,,,,
26,0.216667,,,,,,,,,,,,,,,,,,,,,,,,,,,,
27,0.225,,,,,,,,,,,,,,,,,,,,,,,,,,,,
28,0.233333,,,,,,,,,,,,,,,,,,,,,,,,,,,,
29,0.241667,,,,,,,,,,,,,,,,,,,,,,,,,,,,
30,0.25,,,,,,,,,,,,,,,,,,,,,,,,,,,,
31,0.258333,,,,,,,,,,,,,,,,,,,,,,,,,,,,
32,0.266667,,,,,,,,,,,,,,,,,,,,,,,,,,,,
33,0.275,,,,,,,,,,,,,,,,,,,,,,,,,,,,
34,0.283333,,,,,,,,,,,,,,,,,,,,,,,,,,,,
35,0.291667,,,,,,,,,,,,,,,,,,,,,,,,,,,,
36,0.3,,,,,,,,,,,,,,,,,,,,,,,,,,,,
37,0.308333,,,,,,,,,,,,,,,,,,,,,,,,,,,,
38,0.316667,,,,,,,,,,,,,,,,,,,,,,,,,,,,
39,0.325,,,,,,,,,,,,,,,,,,,,,,,,,,,,
40,0.333333,,,,,,,,,,,,,,,,,,,,,,,,,,,,
41,0.341667,,,,,,,,,,,,,,,,,,,,,,,,,,,,
42,0.35,,,,,,,,,,,,,,,,,,,,,,,,,,,,
43,0.358333,,,,,,,,,,,,,,,,,,,,,,,,,,,,
44,0.366667,,,,,,,,,,,,,,,,,,,,,,,,,,,,
45,0.375,,,,,,,,,,,,,,,,,,,,,,,,,,,,
46,0.383333,,,,,,,,,,,,,,,,,,,,,,,,,,,,
47,0.391667,,,,,,,,,,,,,,,,,,,,,,,,,,,,
48,0.4,,,,,,,,,,,,,,,,,,,,,,,,,,,,
49,0.408333,,,,,,,,,,,,,,,,,,,,,,,,,,,,
50,0.416667,,,,,,,,,,,,,,,,,,,,,,,,,,,,
51,0.425,,,,,,,,,,,,,,,,,,,,,,,,,,,,
52,0.433333,,,,,,,,,,,,,,,,,,,,,,,,,,,,
53,0.441667,,,,,,,,,,,,,,,,,,,,,,,,,,,,
54,0.45,,,,,,,,,,,,,,,,,,,,,,,,,,,,
55,0.458333,,,,,,,,,,,,,,,,,,,,,,,,,,,,
56,0.466667,,,,,,,,,,,,,,,,,,,,,,,,,,,,
57,0.475,,,,,,,,,,,,,,,,,,,,,,,,,,,,
58,0.483333,,,,,,,,,,,,,,,,,,,,,,,,,,,,
59,0.491667,,,,,,,,,,,,,,,,,,,,,,,,,,,,
60,0.5,,,,,,,,,,,,,,,,,,,,,,,,,,,,
61,0.508333,,,,,,,,,,,,,,,,,,,,,,,,,,,,
62,0.516667,,,,,,,,,,,,,,,,,,,,,,,,,,,,
63,0.525,,,,,,,,,,,,,,,,,,,,,,,,,,,,
64,0.533333,,,,,,,,,,,,,,,,,,,,,,,,,,,,
65,0.541667,,,,,,,,,,,,,,,,,,,,,,,,,,,,
66,0.55,,,,,,,,,,,,,,,,,,,,,,,,,,,,
67,0.558333,,,,,,,,,,,,,,,,,,,,,,,,,,,,
68,0.566667,,,,,,,,,,,,,,,,,,,,,,,,,,,,
69,0.575,,,,,,,,,,,,,,,,,,,,,,,,,,,,
70,0.583333,,,,,,,,,,,,,,,,,,,,,,,,,,,,
71,0.591667,,,,,,,,,,,,,,,,,,,,,,,,,,,,
72,0.6,,,,,,,,,,,,,,,,,,,,,,,,,,,,
73,0.608333,,,,,,,,,,,,,,,,,,,,,,,,,,,,
74,0.616667,,,,,,,,,,,,,,,,,,,,,,,,,,,,
75,0.625,,,,,,,,,,,,,,,,,,,,,,,,,,,,
76,0.633333,,,,,,,,,,,,,,,,,,,,,,,,,,,,
77,0.641667,,,,,,,,,,,,,,,,,,,,,,,,,,,,
78,0.65,,,,,,,,,,,,,,,,,,,,,,,,,,,,
79,0.658333,,,,,,,,,,,,,,,,,,,,,,,,,,,,
80,0.666667,,,,,,,,,,,,,,,,,,,,,,,,,,,,
81,0.675,,,,,,,,,,,,,,,,,,,,,,,,,,,,
82,0.683333,,,,,,,,,,,,,,,,,,,,,,,,,,,,
83,0.691667,,,,,,,,,,,,,,,,,,,,,,,,,,,,
84,0.7,,,,,,,,,,,,,,,,,,,,,,,,,,,,
85,0.708333,,,,,,,,,,,,,,,,,,,,,,,,,,,,
86,0.716667,,,,,,,,,,,,,,,,,,,,,,,,,,,,
87,0.725,,,,,,,,,,,,,,,,,,,,,,,,,,,,
88,0.733333,,,,,,,,,,,,,,,,,,,,,,,,,,,,
89,0.741667,,,,,,,,,,,,,,,,,,,,,,,,,,,,
90,0.75,,,,,,,,,,,,,,,,,,,,,,,,,,,,
91,0.758333,,,,,,,,,,,,,,,,,,,,,,,,,,,,
92,0.766667,,,,,,,,,,,,,,,,,,,,,,,,,,,,
93,0.775,,,,,,,,,,,,,,,,,,,,,,,,,,,,
94,0.783333,,,,,,,,,,,,,,,,,,,,,,,,,,,,
95,0.791667,,,,,,,,,,,,,,,,,,,,,,,,,,,,
96,0.8,,,,,,,,,,,,,,,,,,,,,,,,,,,,
97,0.808333,,,,,,,,,,,,,,,,,,,,,,,,,,,,
98,0.816667,,,,,,,,,,,,,,,,,,,,,,,,,,,,
99,0.825,,,,,,,,,,,,,,,,,,,,,,,,,,,,
100,0.833333,,,,,,,,,,,,,,,,,,,,,,,,,,,,
101,0.841667,,,,,,,,,,,,,,,,,,,,,,,,,,,,
102,0.85,,,,,,,,,,,,,,,,,,,,,,,,,,,,
103,0.858333,,,,,,,,,,,,,,,,,,,,,,,,,,,,
104,0.866667,,,,,,,,,,,,,,,,,,,,,,,,,,,,
105,0.875,,,,,,,,,,,,,,,,,,,,,,,,,,,,
106,0.883333,,,,,,,,,,,,,,,,,,,,,,,,,,,,
107,0.891667,,,,,,,,,,,,,,,,,,,,,,,,,,,,
108,0.9,,,,,,,,,,,,,,,,,,,,,,,,,,,,
109,0.908333,,,,,,,,,,,,,,,,,,,,,,,,,,,,
110,0.916667,,,,,,,,,,,,,,,,,,,,,,,,,,,,
111,0.925,,,,,,,,,,,,,,,,,,,,,,,,,,,,
112,0.933333,,,,,,,,,,,,,,,,,,,,,,,,,,,,
113,0.941667,,,,,,,,,,,,,,,,,,,,,,,,,,,,
114,0.95,,,,,,,,,,,,,,,,,,,,,,,,,,,,
115,0.958333,,,,,,,,,,,,,,,,,,,,,,,,,,,,
116,0.966667,,,,,,,,,,,,,,,,,,,,,,,,,,,,
117,0.975,,,,,,,,,,,,,,,,,,,,,,,,,,,,
118,0.983333,,,,,,,,,,,,,,,,,,,,,,,,,,,,
119,0.991667,,,,,,,,,,,,,,,,,,,,,,,,,,,,
120,1,,,,,,,,,,,,,,,,,,,,,,,,,,,,
121,1.008333,,,,,,,,,,,,,,,,,,,,,,,,,,,,
122,1.016667,,,,,,,,,,,,,,,,,,,,,,,,,,,,
123,1.025,,,,,,,,,,,,,,,,,,,,,,,,,,,,
124,1.033333,,,,,,,,,,,,,,,,,,,,,,,,,,,,
125,1.041667,,,,,,,,,,,,,,,,,,,,,,,,,,,,
126,1.05,,,,,,,,,,,,,,,,,,,,,,,,,,,,
127,1.058333,,,,,,,,,,,,,,,,,,,,,,,,,,,,
128,1.066667,,,,,,,,,,,,,,,,,,,,,,,,,,,,
129,1.075,,,,,,,,,,,,,,,,,,,,,,,,,,,,
130,1.083333,,,,,,,,,,,,,,,,,,,,,,,,,,,,
131,1.091667,,,,,,,,,,,,,,,,,,,,,,,,,,,,
132,1.1,,,,,,,,,,,,,,,,,,,,,,,,,,,,
133,1.108333,,,,,,,,,,,,,,,,,,,,,,,,,,,,
134,1.116667,,,,,,,,,,,,,,,,,,,,,,,,,,,,
135,1.125,,,,,,,,,,,,,,,,,,,,,,,,,,,,
136,1.133333,,,,,,,,,,,,,,,,,,,,,,,,,,,,
137,1.141667,,,,,,,,,,,,,,,,,,,,,,,,,,,,
138,1.15,,,,,,,,,,,,,,,,,,,,,,,,,,,,
139,1.158333,,,,,,,,,,,,,,,,,,,,,,,,,,,,
140,1.166667,,,,,,,,,,,,,,,,,,,,,,,,,,,,
141,1.175,,,,,,,,,,,,,,,,,,,,,,,,,,,,
142,1.183333,,,,,,,,,,,,,,,,,,,,,,,,,,,,
143,1.191667,,,,,,,,,,,,,,,,,,,,,,,,,,,,
144,1.2,-128.881561,88.107422,32.026283,0.012915,,,,,,,,,,,,,,,,,,,,,,,,
145,1.208333,-128.953415,88.102104,32.026428,0.012915,,,,,,,,,,,,,,,,,,,,,,,,
146,1.216667,-128.958862,88.100784,32.027714,0.012915,,,,,,,,,,,,,,,,,,,,,,,,
147,1.225,-128.944244,88.102791,32.028179,0.012915,,,,,,,,,,,,,,,,,,,,,,,,
148,1.233333,-128.920059,88.110779,32.026524,0.012915,,,,,,,,,,,,,,,,,,,,,,,,
149,1.241667,-128.910858,88.097328,32.028904,0.012915,,,,,,,,,,,,,,,,,,,,,,,,
150,1.25,-128.841736,88.123703,32.026741,0.012915,,,,,,,,,,,,,,,,,,,,,,,,
151,1.258333,-128.865845,88.116196,32.02422,0.012915,,,,,,,,,,,,,,,,,,,,,,,,
152,1.266667,-128.935898,88.103096,32.028427,0.012915,,,,,,,,,,,,,,,,,,,,,,,,
153,1.275,-128.788559,88.125816,32.022034,0.012915,,,,,,,,,,,,,,,,,,,,,,,,
154,1.283333,-128.872604,88.117218,32.02504,0.012915,,,,,,,,,,,,,,,,,,,,,,,,
155,1.291667,-128.896988,88.106903,32.027225,0.012915,,,,,,,,,,,,,,,,,,,,,,,,
156,1.3,-128.932037,88.102379,32.027096,0.012915,,,,,,,,,,,,,,,,,,,,,,,,
157,1.308333,-128.839951,88.121216,32.023823,0.012915,,,,,,,,,,,,,,,,,,,,,,,,
158,1.316667,-128.960968,88.10041,32.029205,0.012915,,,,,,,,,,,,,,,,,,,,,,,,
159,1.325,-128.905746,88.110085,32.026665,0.012915,,,,,,,,,,,,,,,,,,,,,,,,
160,1.333333,-128.919205,88.105476,32.0303,0.012915,,,,,,,,,,,,,,,,,,,,,,,,
161,1.341667,-128.855667,88.124878,32.026653,0.012915,,,,,,,,,,,,,,,,,,,,,,,,
162,1.35,-128.969894,88.09935,32.031231,0.012915,,,,,,,,,,,,,,,,,,,,,,,,
163,1.358333,-128.907867,88.114967,32.03104,0.012915,,,,,,,,,,,,,,,,,,,,,,,,
164,1.366667,-128.856735,88.121559,32.02877,0.012915,,,,,,,,,,,,,,,,,,,,,,,,
165,1.375,-128.829712,88.120453,32.028786,0.012915,,,,,,,,,,,,,,,,,,,,,,,,
166,1.383333,-128.878448,88.11927,32.03146,0.012915,,,,,,,,,,,,,,,,,,,,,,,,
167,1.391667,-128.891174,88.109634,32.029377,0.012915,,,,,,,,,,,,,,,,,,,,,,,,
168,1.4,-128.879395,88.118233,32.029816,0.012915,,,,,,,,,,,,,,,,,,,,,,,,
169,1.408333,-128.962067,88.094955,32.033302,0.012915,,,,,,,,,,,,,,,,,,,,,,,,
170,1.416667,-128.917831,88.108292,32.03199,0.012915,,,,,,,,,,,,,,,,,,,,,,,,
171,1.425,-128.932465,88.103012,32.034245,0.012915,,,,,,,,,,,,,,,,,,,,,,,,
172,1.433333,-128.913147,88.101341,32.030338,0.012915,,,,,,,,,,,,,,,,,,,,,,,,
173,1.441667,-128.920776,88.109314,32.030285,0.012915,,,,,,,,,,,,,,,,,,,,,,,,
174,1.45,-128.948563,88.103577,32.032349,0.012915,,,,,,,,,,,,,,,,,,,,,,,,
175,1.458333,-128.912704,88.110992,32.030106,0.012915,,,,,,,,,,,,,,,,,,,,,,,,
176,1.466667,-128.889435,88.115105,32.027332,0.012915,,,,,,,,,,,,,,,,,,,,,,,,
177,1.475,-128.915161,88.114098,32.032185,0.012915,,,,,,,,,,,,,,,,,,,,,,,,
178,1.483333,-128.888458,88.113388,32.032059,0.012915,,,,,,,,,,,,,,,,,,,,,,,,
179,1.491667,-128.944656,88.107475,32.033432,0.012915,,,,,,,,,,,,,,,,,,,,,,,,
180,1.5,-128.938599,88.107208,32.03315,0.012915,,,,,,,,,,,,,,,,,,,,,,,,
181,1.508333,-128.900787,88.114967,32.032806,0.012915,,,,,,,,,,,,,,,,,,,,,,,,
182,1.516667,-128.737122,88.154144,32.025948,0.012915,,,,,,,,,,,,,,,,,,,,,,,,
183,1.525,-128.784149,88.140282,32.026077,0.012915,,,,,,,,,,,,,,,,,,,,,,,,
184,1.533333,-128.92511,88.112419,32.029427,0.012915,,,,,,,,,,,,,,,,,,,,,,,,
185,1.541667,-128.873184,88.124008,32.030941,0.012915,,,,,,,,,,,,,,,,,,,,,,,,
186,1.55,-128.88765,88.111267,32.03001,0.012915,,,,,,,,,,,,,,,,,,,,,,,,
187,1.558333,-128.880005,88.117897,32.03117,0.012915,,,,,,,,,,,,,,,,,,,,,,,,
188,1.566667,-128.863846,88.124062,32.030182,0.012915,,,,,,,,,,,,,,,,,,,,,,,,
189,1.575,-128.811829,88.137833,32.028316,0.012915,,,,,,,,,,,,,,,,,,,,,,,,
190,1.583333,-128.918304,88.112129,32.03326,0.012915,,,,,,,,,,,,,,,,,,,,,,,,
191,1.591667,-128.970856,88.112541,32.034664,0.012915,,,,,,,,,,,,,,,,,,,,,,,,
192,1.6,-128.873123,88.122932,32.029301,0.012915,,,,,,,,,,,,,,,,,,,,,,,,
193,1.608333,-128.906586,88.130035,32.030445,0.012915,,,,,,,,,,,,,,,,,,,,,,,,
194,1.616667,-128.948853,88.120911,32.035057,0.012915,,,,,,,,,,,,,,,,,,,,,,,,
195,1.625,-128.793701,88.151558,32.028641,0.012915,,,,,,,,,,,,,,,,,,,,,,,,
196,1.633333,-129.012558,88.109901,32.037308,0.012915,,,,,,,,,,,,,,,,,,,,,,,,
197,1.641667,-128.867035,88.130806,32.028423,0.012915,,,,,,,,,,,,,,,,,,,,,,,,
198,1.65,-128.966873,88.107643,32.034088,0.012915,,,,,,,,,,,,,,,,,,,,,,,,
199,1.658333,-128.995239,88.100853,32.037086,0.012915,,,,,,,,,,,,,,,,,,,,,,,,
200,1.666667,-128.862885,88.121048,32.029919,0.012915,,,,,,,,,,,,,,,,,,,,,,,,
201,1.675,-128.906723,88.113754,32.032906,0.012915,,,,,,,,,,,,,,,,,,,,,,,,
202,1.683333,-128.9216,88.109299,32.032524,0.012915,,,,,,,,,,,,,,,,,,,,,,,,
203,1.691667,-128.931885,88.111961,32.029758,0.012915,,,,,,,,,,,,,,,,,,,,,,,,
204,1.7,-128.877838,88.121346,32.026337,0.012915,,,,,,,,,,,,,,,,,,,,,,,,
205,1.708333,-128.906845,88.120064,32.029705,0.012915,,,,,,,,,,,,,,,,,,,,,,,,
206,1.716667,-128.956253,88.116684,32.03223,0.012915,,,,,,,,,,,,,,,,,,,,,,,,
207,1.725,-128.893738,88.121956,32.025417,0.012915,,,,,,,,,,,,,,,,,,,,,,,,
208,1.733333,-128.864853,88.126961,32.02837,0.012915,,,,,,,,,,,,,,,,,,,,,,,,
209,1.741667,-128.972229,88.115105,32.032967,0.012915,,,,,,,,,,,,,,,,,,,,,,,,
210,1.75,-128.802841,88.146767,32.022812,0.012915,,,,,,,,,,,,,,,,,,,,,,,,
211,1.758333,-128.860062,88.138214,32.025517,0.012915,,,,,,,,,,,,,,,,,,,,,,,,
212,1.766667,-128.775436,88.150398,32.023273,0.012915,,,,,,,,,,,,,,,,,,,,,,,,
213,1.775,-128.894867,88.129494,32.030716,0.012915,,,,,,,,,,,,,,,,,,,,,,,,
214,1.783333,-129.009338,88.104118,32.029881,0.012915,,,,,,,,,,,,,,,,,,,,,,,,
215,1.791667,-128.944351,88.117088,32.028709,0.012915,,,,,,,,,,,,,,,,,,,,,,,,
216,1.8,-128.846329,88.132317,32.020477,0.012915,,,,,,,,,,,,,,,,,,,,,,,,
217,1.808333,-128.868958,88.130333,32.016853,0.012915,,,,,,,,,,,,,,,,,,,,,,,,
218,1.816667,-128.810486,88.13858,32.013569,0.012915,,,,,,,,,,,,,,,,,,,,,,,,
219,1.825,-128.860168,88.131081,32.013252,0.012915,,,,,,,,,,,,,,,,,,,,,,,,
220,1.833333,-128.776764,88.139847,32.00412,0.012915,,,,,,,,,,,,,,,,,,,,,,,,
221,1.841667,-128.803284,88.12867,31.998405,0.012915,,,,,,,,,,,,,,,,,,,,,,,,
222,1.85,-128.836533,88.119347,31.99617,0.012915,,,,,,,,,,,,,,,,,,,,,,,,
223,1.858333,-128.704987,88.1325,31.986824,0.012915,,,,,,,,,,,,,,,,,,,,,,,,
224,1.866667,-128.744034,88.121429,31.978189,0.012915,,,,,,,,,,,,,,,,,,,,,,,,
225,1.875,-128.763809,88.112999,31.977785,0.012915,,,,,,,,,,,,,,,,,,,,,,,,
226,1.883333,-128.670364,88.119362,31.96088,0.012915,,,,,,,,,,,,,,,,,,,,,,,,
227,1.891667,-128.689438,88.112289,31.961441,0.012915,,,,,,,,,,,,,,,,,,,,,,,,
228,1.9,-128.607391,88.119537,31.946131,0.012915,,,,,,,,,,,,,,,,,,,,,,,,
229,1.908333,-128.543167,88.122528,31.934027,0.012915,,,,,,,,,,,,,,,,,,,,,,,,
230,1.916667,-128.527145,88.116547,31.924671,0.012915,,,,,,,,,,,,,,,,,,,,,,,,
231,1.925,-128.364197,88.144211,31.90333,0.012915,,,,,,,,,,,,,,,,,,,,,,,,
232,1.933333,-128.439896,88.122505,31.896755,0.012915,,,,,,,,,,,,,,,,,,,,,,,,
233,1.941667,-128.287094,88.141647,31.877262,0.012915,,,,,,,,,,,,,,,,,,,,,,,,
234,1.95,-128.236649,88.147964,31.859535,0.012915,,,,,,,,,,,,,,,,,,,,,,,,
235,1.958333,-128.223389,88.146637,31.847807,0.012915,,,,,,,,,,,,,,,,,,,,,,,,
236,1.966667,-128.170151,88.155708,31.82984,0.012915,,,,,,,,,,,,,,,,,,,,,,,,
237,1.975,-128.000305,88.189529,31.808134,0.012915,,,,,,,,,,,,,,,,,,,,,,,,
238,1.983333,-128.024872,88.18824,31.795492,0.012915,,,,,,,,,,,,,,,,,,,,,,,,
239,1.991667,-127.98101,88.20137,31.779221,0.012915,,,,,,,,,,,,,,,,,,,,,,,,
240,2,-127.862274,88.22728,31.757858,0.012915,,,,,,,,,,,,,,,,,,,,,,,,
241,2.008333,-127.764961,88.250008,31.737679,0.012915,,,,,,,,,,,,,,,,,,,,,,,,
242,2.016667,-127.806046,88.250214,31.731705,0.012915,,,,,,,,,,,,,,,,,,,,,,,,
243,2.025,-127.876297,88.234558,31.724686,0.012915,,,,,,,,,,,,,,,,,,,,,,,,
244,2.033333,-127.853668,88.243446,31.717808,0.012915,,,,,,,,,,,,,,,,,,,,,,,,
245,2.041667,-127.795425,88.261444,31.705618,0.012915,,,,,,,,,,,,,,,,,,,,,,,,
246,2.05,-127.768936,88.275345,31.694824,0.012915,,,,,,,,,,,,,,,,,,,,,,,,
247,2.058333,-127.781715,88.275948,31.688536,0.012915,,,,,,,,,,,,,,,,,,,,,,,,
248,2.066667,-127.752174,88.293282,31.677828,0.012915,,,,,,,,,,,,,,,,,,,,,,,,
249,2.075,-127.718842,88.310913,31.667105,0.012915,,,,,,,,,,,,,,,,,,,,,,,,
250,2.083333,-127.72274,88.321587,31.658569,0.012915,,,,,,,,,,,,,,,,,,,,,,,,
251,2.091667,-127.716484,88.334839,31.649267,0.012915,,,,,,,,,,,,,,,,,,,,,,,,
252,2.1,-127.73098,88.345078,31.643768,0.012915,,,,,,,,,,,,,,,,,,,,,,,,
253,2.108333,-127.700272,88.361511,31.631767,0.012915,,,,,,,,,,,,,,,,,,,,,,,,
254,2.116667,-127.76046,88.359749,31.628853,0.012915,,,,,,,,,,,,,,,,,,,,,,,,
255,2.125,-127.756119,88.372093,31.621433,0.012915,,,,,,,,,,,,,,,,,,,,,,,,
256,2.133333,-127.781387,88.376129,31.616894,0.012915,,,,,,,,,,,,,,,,,,,,,,,,
257,2.141667,-127.761856,88.390076,31.609245,0.012915,,,,,,,,,,,,,,,,,,,,,,,,
258,2.15,-127.790604,88.392021,31.599653,0.012915,,,,,,,,,,,,,,,,,,,,,,,,
259,2.158333,-127.795235,88.401306,31.591808,0.012915,,,,,,,,,,,,,,,,,,,,,,,,
260,2.166667,-127.799591,88.404236,31.587469,0.012915,,,,,,,,,,,,,,,,,,,,,,,,
261,2.175,-127.832649,88.402679,31.579927,0.012915,,,,,,,,,,,,,,,,,,,,,,,,
262,2.183333,-127.80809,88.408295,31.563669,0.012915,,,,,,,,,,,,,,,,,,,,,,,,
263,2.191667,-127.859093,88.405502,31.55728,0.012915,,,,,,,,,,,,,,,,,,,,,,,,
264,2.2,-127.829025,88.415604,31.545004,0.012915,,,,,,,,,,,,,,,,,,,,,,,,
265,2.208333,-127.792213,88.423729,31.529007,0.012915,,,,,,,,,,,,,,,,,,,,,,,,
266,2.216667,-127.788528,88.430695,31.517326,0.012915,,,,,,,,,,,,,,,,,,,,,,,,
267,2.225,-127.786652,88.432053,31.50222,0.012915,,,,,,,,,,,,,,,,,,,,,,,,
268,2.233333,-127.78466,88.439575,31.482193,0.012915,,,,,,,,,,,,,,,,,,,,,,,,
269,2.241667,-127.733978,88.449608,31.465193,0.012915,,,,,,,,,,,,,,,,,,,,,,,,
270,2.25,-127.706238,88.461334,31.444895,0.012915,,,,,,,,,,,,,,,,,,,,,,,,
271,2.258333,-127.744965,88.457039,31.430128,0.012915,,,,,,,,,,,,,,,,,,,,,,,,
272,2.266667,-127.623703,88.484642,31.400654,0.012915,,,,,,,,,,,,,,,,,,,,,,,,
273,2.275,-127.572372,88.495323,31.376154,0.012915,,,,,,,,,,,,,,,,,,,,,,,,
274,2.283333,-127.518585,88.509499,31.347795,0.012915,,,,,,,,,,,,,,,,,,,,,,,,
275,2.291667,-127.461914,88.518211,31.319527,0.012915,,,,,,,,,,,,,,,,,,,,,,,,
276,2.3,-127.347961,88.544838,31.285753,0.012915,,,,,,,,,,,,,,,,,,,,,,,,
277,2.308333,-127.325096,88.549683,31.256771,0.012915,,,,,,,,,,,,,,,,,,,,,,,,
278,2.316667,-127.239822,88.566467,31.221336,0.012915,,,,,,,,,,,,,,,,,,,,,,,,
279,2.325,-127.167191,88.574257,31.18815,0.012915,,,,,,,,,,,,,,,,,,,,,,,,
280,2.333333,-127.163506,88.572777,31.159595,0.012915,,,,,,,,,,,,,,,,,,,,,,,,
281,2.341667,-127.080872,88.57724,31.123013,0.012915,,,,,,,,,,,,,,,,,,,,,,,,
282,2.35,-127.034798,88.575134,31.094784,0.012915,,,,,,,,,,,,,,,,,,,,,,,,
283,2.358333,-127.06559,88.557503,31.069464,0.012915,,,,,,,,,,,,,,,,,,,,,,,,
284,2.366667,-127.046982,88.544975,31.03875,0.012915,,,,,,,,,,,,,,,,,,,,,,,,
285,2.375,-127.123436,88.515182,31.015884,0.012915,,,,,,,,,,,,,,,,,,,,,,,,
286,2.383333,-127.055786,88.508026,30.983868,0.012915,,,,,,,,,,,,,,,,,,,,,,,,
287,2.391667,-127.130806,88.478172,30.956919,0.012915,,,,,,,,,,,,,,,,,,,,,,,,
288,2.4,-127.108871,88.464424,30.918968,0.012915,,,,,,,,,,,,,,,,,,,,,,,,
289,2.408333,-127.080429,88.450958,30.879698,0.012915,,,,,,,,,,,,,,,,,,,,,,,,
290,2.416667,-127.070442,88.432213,30.841177,0.012915,,,,,,,,,,,,,,,,,,,,,,,,
291,2.425,-127.017929,88.427055,30.800131,0.012915,,,,,,,,,,,,,,,,,,,,,,,,
292,2.433333,-126.871994,88.435333,30.745796,0.012915,,,,,,,,,,,,,,,,,,,,,,,,
293,2.441667,-126.800415,88.431351,30.703545,0.012915,,,,,,,,,,,,,,,,,,,,,,,,
294,2.45,-126.57045,88.459793,30.656723,0.012915,,,,,,,,,,,,,,,,,,,,,,,,
295,2.458333,-126.627419,88.437195,30.618227,0.012915,,,,,,,,,,,,,,,,,,,,,,,,
296,2.466667,-126.591621,88.429054,30.585119,0.012915,,,,,,,,,,,,,,,,,,,,,,,,
297,2.475,-126.543404,88.429817,30.544552,0.012915,,,,,,,,,,,,,,,,,,,,,,,,
298,2.483333,-126.493111,88.427345,30.50808,0.012915,,,,,,,,,,,,,,,,,,,,,,,,
299,2.491667,-126.3993,88.435028,30.471302,0.012915,,,,,,,,,,,,,,,,,,,,,,,,
300,2.5,-126.314224,88.438507,30.442657,0.012915,,,,,,,,,,,,,,,,,,,,,,,,
301,2.508333,-126.239059,88.448914,30.40818,0.012915,,,,,,,,,,,,,,,,,,,,,,,,
302,2.516667,,,,,,,,,,,,,,,,,,,,,,,,,,,,
303,2.525,,,,,,,,,,,,,,,,,,,,,,,,,,,,
304,2.533333,,,,,,,,,,,,,,,,,,,,,,,,,,,,
305,2.541667,,,,,,,,,,,,,,,,,,,,,,,,,,,,
306,2.55,,,,,,,,,,,,,,,,,,,,,,,,,,,,
307,2.558333,,,,,-126.279747,88.353615,30.191055,0.013142,,,,,,,,,,,,,,,,,,,,
308,2.566667,,,,,-126.01992,88.401451,30.146593,0.013142,,,,,,,,,,,,,,,,,,,,
309,2.575,,,,,-126.382591,88.296486,30.136532,0.013142,,,,,,,,,,,,,,,,,,,,
310,2.583333,,,,,-126.187775,88.334625,30.07671,0.013142,,,,,,,,,,,,,,,,,,,,
311,2.591667,,,,,-126.133667,88.329483,30.035215,0.013142,,,,,,,,,,,,,,,,,,,,
312,2.6,,,,,-126.088737,88.34407,29.991701,0.013142,,,,,,,,,,,,,,,,,,,,
313,2.608333,,,,,-126.044449,88.336823,29.948017,0.013142,,,,,,,,,,,,,,,,,,,,
314,2.616667,,,,,,,,,,,,,,,,,,,,,,,,,,,,
315,2.625,,,,,,,,,,,,,,,,,,,,,,,,,,,,
316,2.633333,,,,,,,,,,,,,,,,,,,,,,,,,,,,
317,2.641667,,,,,,,,,-126.064941,88.252502,29.805151,0.013165,,,,,,,,,,,,,,,,
318,2.65,,,,,,,,,-126.033272,88.237328,29.76907,0.013165,,,,,,,,,,,,,,,,
319,2.658333,,,,,,,,,-126.058807,88.215912,29.73621,0.013165,,,,,,,,,,,,,,,,
320,2.666667,,,,,,,,,-126.066078,88.191261,29.696444,0.013165,,,,,,,,,,,,,,,,
321,2.675,,,,,,,,,-126.009544,88.179977,29.658604,0.013165,,,,,,,,,,,,,,,,
322,2.683333,,,,,,,,,-125.979843,88.164734,29.617075,0.013165,,,,,,,,,,,,,,,,
323,2.691667,,,,,,,,,-125.862137,88.160736,29.573668,0.013165,,,,,,,,,,,,,,,,
324,2.7,,,,,,,,,-125.836304,88.137955,29.531946,0.013165,,,,,,,,,,,,,,,,
325,2.708333,,,,,,,,,-125.831757,88.115158,29.494976,0.013165,,,,,,,,,,,,,,,,
326,2.716667,,,,,,,,,-125.822403,88.088676,29.46204,0.013165,,,,,,,,,,,,,,,,
327,2.725,,,,,,,,,-125.802292,88.069389,29.426884,0.013165,,,,,,,,,,,,,,,,
328,2.733333,,,,,,,,,-125.791954,88.050232,29.391962,0.013165,,,,,,,,,,,,,,,,
329,2.741667,,,,,,,,,-125.746704,88.043938,29.360828,0.013165,,,,,,,,,,,,,,,,
330,2.75,,,,,,,,,-125.849556,88.0112,29.332928,0.013165,,,,,,,,,,,,,,,,
331,2.758333,,,,,,,,,-125.733253,88.013634,29.300386,0.013165,,,,,,,,,,,,,,,,
332,2.766667,,,,,,,,,-125.725464,88.001205,29.267042,0.013165,,,,,,,,,,,,,,,,
333,2.775,,,,,,,,,-125.718781,87.991646,29.236666,0.013165,,,,,,,,,,,,,,,,
334,2.783333,,,,,,,,,-125.712776,87.983032,29.209324,0.013165,,,,,,,,,,,,,,,,
335,2.791667,,,,,,,,,,,,,,,,,,,,,,,,,,,,
336,2.8,,,,,,,,,,,,,,,,,,,,,,,,,,,,
337,2.808333,,,,,,,,,,,,,,,,,,,,,,,,,,,,
338,2.816667,,,,,,,,,,,,,,,,,,,,,,,,,,,,
339,2.825,,,,,,,,,,,,,-125.670624,87.917099,29.011423,0.01321,,,,,,,,,,,,
340,2.833333,,,,,,,,,,,,,-125.677254,87.908844,28.965157,0.01321,,,,,,,,,,,,
341,2.841667,,,,,,,,,,,,,-125.75872,87.86203,28.942436,0.01321,,,,,,,,,,,,
342,2.85,,,,,,,,,,,,,-125.652313,87.885109,28.893986,0.01321,,,,,,,,,,,,
343,2.858333,,,,,,,,,,,,,-125.412682,87.927284,28.846529,0.01321,,,,,,,,,,,,
344,2.866667,,,,,,,,,,,,,-125.198471,87.973572,28.801006,0.01321,,,,,,,,,,,,
345,2.875,,,,,,,,,,,,,-125.005676,88.015228,28.760035,0.01321,,,,,,,,,,,,
346,2.883333,,,,,,,,,,,,,,,,,,,,,,,,,,,,
347,2.891667,,,,,,,,,,,,,,,,,,,,,,,,,,,,
348,2.9,,,,,,,,,,,,,,,,,,,,,,,,,,,,
349,2.908333,,,,,,,,,,,,,,,,,,,,,,,,,,,,
350,2.916667,,,,,,,,,,,,,,,,,,,,,,,,,,,,
351,2.925,,,,,,,,,,,,,,,,,-125.524094,87.784813,28.52808,0.013278,,,,,,,,
352,2.933333,,,,,,,,,,,,,,,,,-125.483765,87.775192,28.486389,0.013278,,,,,,,,
353,2.941667,,,,,,,,,,,,,,,,,-125.394676,87.779533,28.439947,0.013278,,,,,,,,
354,2.95,,,,,,,,,,,,,,,,,-125.378571,87.767128,28.396925,0.013278,,,,,,,,
355,2.958333,,,,,,,,,,,,,,,,,-125.354263,87.759331,28.34993,0.013278,,,,,,,,
356,2.966667,,,,,,,,,,,,,,,,,-125.272408,87.757599,28.305864,0.013278,,,,,,,,
357,2.975,,,,,,,,,,,,,,,,,-125.309082,87.733665,28.258699,0.013278,,,,,,,,
358,2.983333,,,,,,,,,,,,,,,,,-125.240982,87.73288,28.215261,0.013278,,,,,,,,
359,2.991667,,,,,,,,,,,,,,,,,-125.299812,87.70784,28.180328,0.013278,,,,,,,,
360,3,,,,,,,,,,,,,,,,,-125.327553,87.690323,28.142342,0.013278,,,,,,,,
361,3.008333,,,,,,,,,,,,,,,,,-125.347031,87.67086,28.110167,0.013278,,,,,,,,
362,3.016667,,,,,,,,,,,,,,,,,-125.324524,87.661674,28.07753,0.013278,,,,,,,,
363,3.025,,,,,,,,,,,,,,,,,-125.272346,87.659042,28.039963,0.013278,,,,,,,,
364,3.033333,,,,,,,,,,,,,,,,,-125.276634,87.648483,28.007435,0.013278,,,,,,,,
365,3.041667,,,,,,,,,,,,,,,,,-125.246742,87.644348,27.971706,0.013278,,,,,,,,
366,3.05,,,,,,,,,,,,,,,,,-125.139748,87.655861,27.928465,0.013278,,,,,,,,
367,3.058333,,,,,,,,,,,,,,,,,-125.091278,87.65844,27.884686,0.013278,,,,,,,,
368,3.066667,,,,,,,,,,,,,,,,,-125.074852,87.659004,27.839016,0.013278,,,,,,,,
369,3.075,,,,,,,,,,,,,,,,,-124.992157,87.669846,27.795103,0.013278,,,,,,,,
370,3.083333,,,,,,,,,,,,,,,,,-124.968803,87.671776,27.751987,0.013278,,,,,,,,
371,3.091667,,,,,,,,,,,,,,,,,-124.99881,87.663033,27.713676,0.013278,,,,,,,,
372,3.1,,,,,,,,,,,,,,,,,-124.98362,87.661896,27.675056,0.013278,,,,,,,,
373,3.108333,,,,,,,,,,,,,,,,,-124.955582,87.662117,27.637199,0.013278,,,,,,,,
374,3.116667,,,,,,,,,,,,,,,,,-124.952713,87.658829,27.60767,0.013278,,,,,,,,
375,3.125,,,,,,,,,,,,,,,,,-125.079086,87.621979,27.586403,0.013278,,,,,,,,
376,3.133333,,,,,,,,,,,,,,,,,-125.005707,87.641052,27.544891,0.013278,,,,,,,,
377,3.141667,,,,,,,,,,,,,,,,,-125.035797,87.631607,27.514708,0.013278,,,,,,,,
378,3.15,,,,,,,,,,,,,,,,,-125.047287,87.626938,27.48583,0.013278,,,,,,,,
379,3.158333,,,,,,,,,,,,,,,,,-125.01886,87.631432,27.449686,0.013278,,,,,,,,
380,3.166667,,,,,,,,,,,,,,,,,-124.981499,87.63784,27.415901,0.013278,,,,,,,,
381,3.175,,,,,,,,,,,,,,,,,-124.902954,87.64975,27.374622,0.013278,,,,,,,,
382,3.183333,,,,,,,,,,,,,,,,,-124.921814,87.646019,27.34268,0.013278,,,,,,,,
383,3.191667,,,,,,,,,,,,,,,,,-124.827484,87.660088,27.298901,0.013278,,,,,,,,
384,3.2,,,,,,,,,,,,,,,,,-124.830833,87.657234,27.2631,0.013278,,,,,,,,
385,3.208333,,,,,,,,,,,,,,,,,-124.728798,87.67157,27.214882,0.013278,,,,,,,,
386,3.216667,,,,,,,,,,,,,,,,,-124.734497,87.666321,27.17975,0.013278,,,,,,,,
387,3.225,,,,,,,,,,,,,,,,,-124.735321,87.662003,27.138123,0.013278,,,,,,,,
388,3.233333,,,,,,,,,,,,,,,,,-124.687866,87.663498,27.094215,0.013278,,,,,,,,
389,3.241667,,,,,,,,,,,,,,,,,-124.720169,87.654007,27.059782,0.013278,,,,,,,,
390,3.25,,,,,,,,,,,,,,,,,-124.714531,87.645805,27.018816,0.013278,,,,,,,,
391,3.258333,,,,,,,,,,,,,,,,,-124.713898,87.638954,26.980341,0.013278,,,,,,,,
392,3.266667,,,,,,,,,,,,,,,,,-124.768082,87.618835,26.949429,0.013278,,,,,,,,
393,3.275,,,,,,,,,,,,,,,,,-124.812767,87.591858,26.917202,0.013278,,,,,,,,
394,3.283333,,,,,,,,,,,,,,,,,-124.855064,87.5774,26.887312,0.013278,,,,,,,,
395,3.291667,,,,,,,,,,,,,,,,,-124.893143,87.564392,26.860416,0.013278,,,,,,,,
396,3.3,,,,,,,,,,,,,,,,,,,,,,,,,,,,
397,3.308333,,,,,,,,,,,,,,,,,,,,,,,,,,,,
398,3.316667,,,,,,,,,,,,,,,,,,,,,,,,,,,,
399,3.325,,,,,,,,,,,,,,,,,,,,,,,,,,,,
400,3.333333,,,,,,,,,,,,,,,,,,,,,,,,,,,,
401,3.341667,,,,,,,,,,,,,,,,,,,,,,,,,,,,
402,3.35,,,,,,,,,,,,,,,,,,,,,,,,,,,,
403,3.358333,,,,,,,,,,,,,,,,,,,,,,,,,,,,
404,3.366667,,,,,,,,,,,,,,,,,,,,,,,,,,,,
405,3.375,,,,,,,,,,,,,,,,,,,,,,,,,,,,
406,3.383333,,,,,,,,,,,,,,,,,,,,,-124.655769,87.404694,26.500406,0.013368,,,,
407,3.391667,,,,,,,,,,,,,,,,,,,,,-124.721291,87.387512,26.470068,0.013368,,,,
408,3.4,,,,,,,,,,,,,,,,,,,,,-124.727562,87.373825,26.438803,0.013368,,,,
409,3.408333,,,,,,,,,,,,,,,,,,,,,-124.804626,87.357391,26.41609,0.013368,,,,
410,3.416667,,,,,,,,,,,,,,,,,,,,,-124.847076,87.344391,26.388973,0.013368,,,,
411,3.425,,,,,,,,,,,,,,,,,,,,,-124.909225,87.344971,26.360067,0.013368,,,,
412,3.433333,,,,,,,,,,,,,,,,,,,,,-125.05484,87.313354,26.330742,0.013368,,,,
413,3.441667,,,,,,,,,,,,,,,,,,,,,-124.959518,87.334671,26.302719,0.013368,,,,
414,3.45,,,,,,,,,,,,,,,,,,,,,-124.950241,87.345482,26.270271,0.013368,,,,
415,3.458333,,,,,,,,,,,,,,,,,,,,,-124.809753,87.37925,26.237341,0.013368,,,,
416,3.466667,,,,,,,,,,,,,,,,,,,,,-124.84729,87.380112,26.210001,0.013368,,,,
417,3.475,,,,,,,,,,,,,,,,,,,,,-124.663124,87.424088,26.172554,0.013368,,,,
418,3.483333,,,,,,,,,,,,,,,,,,,,,-124.501694,87.486084,26.13908,0.013368,,,,
419,3.491667,,,,,,,,,,,,,,,,,,,,,-124.353119,87.525452,26.102888,0.013368,,,,
420,3.5,,,,,,,,,,,,,,,,,,,,,-124.623802,87.468117,26.062763,0.013368,,,,
421,3.508333,,,,,,,,,,,,,,,,,,,,,-124.560486,87.491997,26.026022,0.013368,,,,
422,3.516667,,,,,,,,,,,,,,,,,,,,,-124.661514,87.479965,25.986492,0.013368,,,,
423,3.525,,,,,,,,,,,,,,,,,,,,,-124.645355,87.496521,25.945265,0.013368,,,,
424,3.533333,,,,,,,,,,,,,,,,,,,,,-124.592484,87.517372,25.901461,0.013368,,,,
425,3.541667,,,,,,,,,,,,,,,,,,,,,-124.667885,87.507111,25.865141,0.013368,,,,
426,3.55,,,,,,,,,,,,,,,,,,,,,-124.587677,87.557755,25.81481,0.013368,,,,
427,3.558333,,,,,,,,,,,,,,,,,,,,,-124.631943,87.554428,25.772785,0.013368,,,,
428,3.566667,,,,,,,,,,,,,,,,,,,,,-124.670731,87.544952,25.733086,0.013368,,,,
429,3.575,,,,,,,,,,,,,,,,,,,,,-124.71273,87.574684,25.670067,0.013368,,,,
430,3.583333,,,,,,,,,,,,,,,,,,,,,-124.364342,87.626434,25.618156,0.013368,,,,
431,3.591667,,,,,,,,,,,,,,,,,,,,,-124.173866,87.671028,25.560171,0.013368,,,,
432,3.6,,,,,,,,,,,,,,,,,,,,,-124.163689,87.67099,25.5023,0.013368,,,,
433,3.608333,,,,,,,,,,,,,,,,,,,,,-124.087997,87.686325,25.434956,0.013368,,,,
434,3.616667,,,,,,,,,,,,,,,,,,,,,-124.256195,87.639938,25.376225,0.013368,,,,
435,3.625,,,,,,,,,,,,,,,,,,,,,-124.250427,87.637596,25.314814,0.013368,,,,
436,3.633333,,,,,,,,,,,,,,,,,,,,,-124.243126,87.630859,25.253328,0.013368,,,,
437,3.641667,,,,,,,,,,,,,,,,,,,,,-124.301147,87.610558,25.192972,0.013368,,,,
438,3.65,,,,,,,,,,,,,,,,,,,,,-124.237701,87.610062,25.132168,0.013368,,,,
439,3.658333,,,,,,,,,,,,,,,,,,,,,-124.066162,87.638725,25.065418,0.013368,,,,
440,3.666667,,,,,,,,,,,,,,,,,,,,,-123.923317,87.648506,24.995413,0.013368,,,,
441,3.675,,,,,,,,,,,,,,,,,,,,,-123.797485,87.671494,24.920721,0.013368,,,,
442,3.683333,,,,,,,,,,,,,,,,,,,,,-123.751625,87.646935,24.852211,0.013368,,,,
443,3.691667,,,,,,,,,,,,,,,,,,,,,-123.735321,87.629387,24.780714,0.013368,,,,
444,3.7,,,,,,,,,,,,,,,,,,,,,-123.792839,87.596817,24.715347,0.013368,,,,
445,3.708333,,,,,,,,,,,,,,,,,,,,,-123.955284,87.541634,24.653788,0.013368,,,,
446,3.716667,,,,,,,,,,,,,,,,,,,,,-123.942581,87.52021,24.585649,0.013368,,,,
447,3.725,,,,,,,,,,,,,,,,,,,,,-123.909042,87.503342,24.514767,0.013368,,,,
448,3.733333,,,,,,,,,,,,,,,,,,,,,-123.663864,87.525055,24.436331,0.013368,,,,
449,3.741667,,,,,,,,,,,,,,,,,,,,,-123.602768,87.504295,24.352718,0.013368,,,,
450,3.75,,,,,,,,,,,,,,,,,,,,,-123.54026,87.483719,24.277267,0.013368,,,,
451,3.758333,,,,,,,,,,,,,,,,,,,,,-123.481728,87.461945,24.202013,0.013368,,,,
452,3.766667,,,,,,,,,,,,,,,,,,,,,-123.511574,87.416168,24.136379,0.013368,,,,
453,3.775,,,,,,,,,,,,,,,,,,,,,-123.519768,87.374992,24.059517,0.013368,,,,
454,3.783333,,,,,,,,,,,,,,,,,,,,,-123.44706,87.350784,23.983784,0.013368,,,,
455,3.791667,,,,,,,,,,,,,,,,,,,,,-123.39994,87.318848,23.90938,0.013368,,,,
456,3.8,,,,,,,,,,,,,,,,,,,,,-123.349571,87.292519,23.838614,0.013368,,,,
457,3.808333,,,,,,,,,,,,,,,,,,,,,-123.041191,87.316902,23.757818,0.013368,,,,
458,3.816667,,,,,,,,,,,,,,,,,,,,,-122.85125,87.318619,23.68177,0.013368,,,,
459,3.825,,,,,,,,,,,,,,,,,,,,,-122.675323,87.289551,23.596779,0.013368,,,,
460,3.833333,,,,,,,,,,,,,,,,,,,,,-122.522522,87.291641,23.51762,0.013368,,,,
461,3.841667,,,,,,,,,,,,,,,,,,,,,,,,,,,,
462,3.85,,,,,,,,,,,,,,,,,,,,,,,,,-123.045746,87.125885,23.410282,0.013957
463,3.858333,,,,,,,,,,,,,,,,,,,,,,,,,-122.90181,87.122147,23.33272,0.013957
464,3.866667,,,,,,,,,,,,,,,,,,,,,,,,,-122.869049,87.092987,23.26409,0.013957
465,3.875,,,,,,,,,,,,,,,,,,,,,,,,,-122.753632,87.085976,23.190456,0.013957
466,3.883333,,,,,,,,,,,,,,,,,,,,,,,,,-122.646484,87.080452,23.116039,0.013957
467,3.891667,,,,,,,,,,,,,,,,,,,,,,,,,-122.692642,87.054512,23.053095,0.013957
468,3.9,,,,,,,,,,,,,,,,,,,,,,,,,-122.759949,87.013283,22.999228,0.013957
469,3.908333,,,,,,,,,,,,,,,,,,,,,,,,,-122.635361,87.019073,22.923923,0.013957
470,3.916667,,,,,,,,,,,,,,,,,,,,,,,,,-122.592461,87.00489,22.85165,0.013957
471,3.925,,,,,,,,,,,,,,,,,,,,,,,,,-122.521042,86.996254,22.78686,0.013957
472,3.933333,,,,,,,,,,,,,,,,,,,,,,,,,-122.478424,86.986229,22.72477,0.013957
473,3.941667,,,,,,,,,,,,,,,,,,,,,,,,,-122.415833,86.978493,22.66386,0.013957
474,3.95,,,,,,,,,,,,,,,,,,,,,,,,,-122.39994,86.96225,22.606165,0.013957
475,3.958333,,,,,,,,,,,,,,,,,,,,,,,,,-122.35955,86.954781,22.543291,0.013957
476,3.966667,,,,,,,,,,,,,,,,,,,,,,,,,-122.301826,86.947174,22.486092,0.013957
477,3.975,,,,,,,,,,,,,,,,,,,,,,,,,-122.292053,86.936722,22.424898,0.013957
478,3.983333,,,,,,,,,,,,,,,,,,,,,,,,,-122.284683,86.925362,22.371748,0.013957
479,3.991667,,,,,,,,,,,,,,,,,,,,,,,,,-122.239624,86.921509,22.310873,0.013957
480,4,,,,,,,,,,,,,,,,,,,,,,,,,-122.17466,86.92028,22.251719,0.013957
481,4.008333,,,,,,,,,,,,,,,,,,,,,,,,,-122.139526,86.915817,22.190432,0.013957
482,4.016667,,,,,,,,,,,,,,,,,,,,,,,,,-122.068039,86.916313,22.129637,0.013957
483,4.025,,,,,,,,,,,,,,,,,,,,,,,,,-121.954643,86.937004,22.077284,0.013957
484,4.033333,,,,,,,,,,,,,,,,,,,,,,,,,-121.671799,86.973824,22.018242,0.013957
485,4.041667,,,,,,,,,,,,,,,,,,,,,,,,,-122.009323,86.879227,21.969784,0.013957
486,4.05,,,,,,,,,,,,,,,,,,,,,,,,,-121.955109,86.878189,21.913378,0.013957
487,4.058333,,,,,,,,,,,,,,,,,,,,,,,,,-121.904182,86.867912,21.869165,0.013957
488,4.066667,,,,,,,,,,,,,,,,,,,,,,,,,-121.965637,86.856667,21.827198,0.013957
489,4.075,,,,,,,,,,,,,,,,,,,,,,,,,-121.978485,86.843208,21.778328,0.013957
490,4.083333,,,,,,,,,,,,,,,,,,,,,,,,,-121.957138,86.834679,21.730196,0.013957
491,4.091667,,,,,,,,,,,,,,,,,,,,,,,,,-121.943008,86.853661,21.683191,0.013957
492,4.1,,,,,,,,,,,,,,,,,,,,,,,,,-121.971741,86.829102,21.632347,0.013957
493,4.108333,,,,,,,,,,,,,,,,,,,,,,,,,-121.875206,86.843765,21.580513,0.013957
494,4.116667,,,,,,,,,,,,,,,,,,,,,,,,,-121.795341,86.845734,21.531277,0.013957
495,4.125,,,,,,,,,,,,,,,,,,,,,,,,,-121.726456,86.857491,21.485491,0.013957
496,4.133333,,,,,,,,,,,,,,,,,,,,,,,,,-121.703827,86.861221,21.443411,0.013957
497,4.141667,,,,,,,,,,,,,,,,,,,,,,,,,-121.446922,86.917839,21.392689,0.013957
498,4.15,,,,,,,,,,,,,,,,,,,,,,,,,-121.215424,86.965904,21.358929,0.013957
499,4.158333,,,,,,,,,,,,,,,,,,,,,,,,,-121.007446,87.011322,21.33066,0.013957
500,4.166667,,,,,,,,,,,,,,,,,,,,,,,,,-121.65239,86.881149,21.280499,0.013957
501,4.175,,,,,,,,,,,,,,,,,,,,,,,,,-121.758148,86.862114,21.246605,0.013957
502,4.183333,,,,,,,,,,,,,,,,,,,,,,,,,-121.61956,86.901779,21.201897,0.013957
503,4.191667,,,,,,,,,,,,,,,,,,,,,,,,,-121.688309,86.90065,21.169085,0.013957
504,4.2,,,,,,,,,,,,,,,,,,,,,,,,,-121.632088,86.914543,21.123964,0.013957
505,4.208333,,,,,,,,,,,,,,,,,,,,,,,,,-121.650589,86.92868,21.082676,0.013957
506,4.216667,,,,,,,,,,,,,,,,,,,,,,,,,-121.611252,86.950508,21.043793,0.013957
507,4.225,,,,,,,,,,,,,,,,,,,,,,,,,-121.492981,86.972221,20.995377,0.013957
508,4.233333,,,,,,,,,,,,,,,,,,,,,,,,,-121.46463,86.987457,20.953897,0.013957
509,4.241667,,,,,,,,,,,,,,,,,,,,,,,,,-121.422234,87.005005,20.910595,0.013957
510,4.25,,,,,,,,,,,,,,,,,,,,,,,,,-121.39238,87.012276,20.867201,0.013957
511,4.258333,,,,,,,,,,,,,,,,,,,,,,,,,-121.380531,87.018166,20.82275,0.013957
512,4.266667,,,,,,,,,,,,,,,,,,,,,,,,,-121.723923,86.940941,20.812065,0.013957
513,4.275,,,,,,,,,,,,,,,,,,,,,,,,,-121.722366,86.940048,20.767786,0.013957
514,4.283333,,,,,,,,,,,,,,,,,,,,,,,,,-121.316383,87.042633,20.694595,0.013957
515,4.291667,,,,,,,,,,,,,,,,,,,,,,,,,-121.291901,87.038559,20.646078,0.013957
516,4.3,,,,,,,,,,,,,,,,,,,,,,,,,-121.370766,87.024223,20.594913,0.013957
517,4.308333,,,,,,,,,,,,,,,,,,,,,,,,,-121.330055,87.028252,20.540768,0.013957
518,4.316667,,,,,,,,,,,,,,,,,,,,,,,,,-121.371666,87.010345,20.483173,0.013957
519,4.325,,,,,,,,,,,,,,,,,,,,,,,,,-121.317459,86.99633,20.428308,0.013957
520,4.333333,,,,,,,,,,,,,,,,,,,,,,,,,-121.23481,86.999611,20.367968,0.013957
521,4.341667,,,,,,,,,,,,,,,,,,,,,,,,,-121.251129,86.97876,20.311472,0.013957
522,4.35,,,,,,,,,,,,,,,,,,,,,,,,,-121.273994,86.953278,20.259438,0.013957
523,4.358333,,,,,,,,,,,,,,,,,,,,,,,,,-121.251633,86.934479,20.194422,0.013957
524,4.366667,,,,,,,,,,,,,,,,,,,,,,,,,-121.235725,86.93721,20.150055,0.013957
525,4.375,,,,,,,,,,,,,,,,,,,,,,,,,-121.184982,86.917915,20.110678,0.013957
526,4.383333,,,,,,,,,,,,,,,,,,,,,,,,,-121.259438,86.881432,20.058554,0.013957
527,4.391667,,,,,,,,,,,,,,,,,,,,,,,,,-121.277023,86.85833,20.003302,0.013957
528,4.4,,,,,,,,,,,,,,,,,,,,,,,,,-121.262802,86.842766,19.947983,0.013957
529,4.408333,,,,,,,,,,,,,,,,,,,,,,,,,-121.174301,86.844322,19.893744,0.013957
530,4.416667,,,,,,,,,,,,,,,,,,,,,,,,,-121.400543,86.782814,19.845579,0.013957
531,4.425,,,,,,,,,,,,,,,,,,,,,,,,,-120.997215,86.853088,19.782833,0.013957
532,4.433333,,,,,,,,,,,,,,,,,,,,,,,,,-120.635033,86.919724,19.73299,0.013957
533,4.441667,,,,,,,,,,,,,,,,,,,,,,,,,-120.847725,86.871674,19.679876,0.013957
534,4.45,,,,,,,,,,,,,,,,,,,,,,,,,-120.922325,86.853874,19.625048,0.013957
535,4.458333,,,,,,,,,,,,,,,,,,,,,,,,,-121.371819,86.76017,19.58077,0.013957
536,4.466667,,,,,,,,,,,,,,,,,,,,,,,,,-121.392151,86.754242,19.525719,0.013957
537,4.475,,,,,,,,,,,,,,,,,,,,,,,,,-121.259308,86.781326,19.474251,0.013957
538,4.483333,,,,,,,,,,,,,,,,,,,,,,,,,-121.398392,86.756172,19.413319,0.013957
539,4.491667,,,,,,,,,,,,,,,,,,,,,,,,,-121.279213,86.774452,19.354006,0.013957
540,4.5,,,,,,,,,,,,,,,,,,,,,,,,,-121.355667,86.751617,19.292173,0.013957
541,4.508333,,,,,,,,,,,,,,,,,,,,,,,,,-121.224701,86.773102,19.221743,0.013957
542,4.516667,,,,,,,,,,,,,,,,,,,,,,,,,-121.160934,86.783066,19.160841,0.013957
543,4.525,,,,,,,,,,,,,,,,,,,,,,,,,-120.835915,86.853668,19.100294,0.013957
544,4.533333,,,,,,,,,,,,,,,,,,,,,,,,,-120.982536,86.820427,19.043926,0.013957
545,4.541667,,,,,,,,,,,,,,,,,,,,,,,,,-121.229897,86.768929,18.98407,0.013957
546,4.55,,,,,,,,,,,,,,,,,,,,,,,,,-121.314827,86.750069,18.928566,0.013957
547,4.558333,,,,,,,,,,,,,,,,,,,,,,,,,-121.270279,86.766571,18.8601,0.013957
548,4.566667,,,,,,,,,,,,,,,,,,,,,,,,,-121.189964,86.781883,18.795233,0.013957
549,4.575,,,,,,,,,,,,,,,,,,,,,,,,,-121.025261,86.811653,18.723038,0.013957
550,4.583333,,,,,,,,,,,,,,,,,,,,,,,,,-121.015594,86.818611,18.660088,0.013957
551,4.591667,,,,,,,,,,,,,,,,,,,,,,,,,-121.02401,86.82634,18.600445,0.013957
552,4.6,,,,,,,,,,,,,,,,,,,,,,,,,-120.700958,86.903419,18.542406,0.013957
553,4.608333,,,,,,,,,,,,,,,,,,,,,,,,,-120.783279,86.897049,18.487007,0.013957
554,4.616667,,,,,,,,,,,,,,,,,,,,,,,,,-121.017601,86.861732,18.426107,0.013957
555,4.625,,,,,,,,,,,,,,,,,,,,,,,,,-121.093407,86.856079,18.36718,0.013957
556,4.633333,,,,,,,,,,,,,,,,,,,,,,,,,-121.095779,86.867867,18.301273,0.013957
557,4.641667,,,,,,,,,,,,,,,,,,,,,,,,,-120.919502,86.903259,18.226402,0.013957
558,4.65,,,,,,,,,,,,,,,,,,,,,,,,,-120.974556,86.905594,18.171192,0.013957
559,4.658333,,,,,,,,,,,,,,,,,,,,,,,,,-120.879601,86.941826,18.100004,0.013957
560,4.666667,,,,,,,,,,,,,,,,,,,,,,,,,-120.716438,86.981087,18.038372,0.013957
561,4.675,,,,,,,,,,,,,,,,,,,,,,,,,-120.806297,86.975868,17.974234,0.013957
562,4.683333,,,,,,,,,,,,,,,,,,,,,,,,,-120.86879,86.978134,17.917406,0.013957
563,4.691667,,,,,,,,,,,,,,,,,,,,,,,,,-120.926376,86.972794,17.856153,0.013957
564,4.7,,,,,,,,,,,,,,,,,,,,,,,,,-120.943222,86.990944,17.793297,0.013957
565,4.708333,,,,,,,,,,,,,,,,,,,,,,,,,-120.955612,86.991791,17.728489,0.013957
566,4.716667,,,,,,,,,,,,,,,,,,,,,,,,,-120.820297,87.027397,17.656725,0.013957
567,4.725,,,,,,,,,,,,,,,,,,,,,,,,,-120.783424,87.032547,17.578442,0.013957
568,4.733333,,,,,,,,,,,,,,,,,,,,,,,,,-120.751534,87.044052,17.509371,0.013957
569,4.741667,,,,,,,,,,,,,,,,,,,,,,,,,-120.397438,87.115891,17.426382,0.013957
570,4.75,,,,,,,,,,,,,,,,,,,,,,,,,-120.705246,87.046143,17.353271,0.013957
571,4.758333,,,,,,,,,,,,,,,,,,,,,,,,,-120.81485,87.020668,17.280178,0.013957
572,4.766667,,,,,,,,,,,,,,,,,,,,,,,,,-120.913841,86.998795,17.210682,0.013957
573,4.775,,,,,,,,,,,,,,,,,,,,,,,,,-120.737495,87.020798,17.107115,0.013957
574,4.783333,,,,,,,,,,,,,,,,,,,,,,,,,-120.630157,87.036781,17.012695,0.013957
575,4.791667,,,,,,,,,,,,,,,,,,,,,,,,,-120.268723,87.098877,16.918049,0.013957
576,4.8,,,,,,,,,,,,,,,,,,,,,,,,,-120.260254,87.091019,16.830297,0.013957
577,4.808333,,,,,,,,,,,,,,,,,,,,,,,,,-120.60363,87.003258,16.736088,0.013957
578,4.816667,,,,,,,,,,,,,,,,,,,,,,,,,-120.615135,86.989471,16.64673,0.013957
579,4.825,,,,,,,,,,,,,,,,,,,,,,,,,-120.524979,87.001839,16.544086,0.013957
580,4.833333,,,,,,,,,,,,,,,,,,,,,,,,,-120.41198,87.007957,16.431934,0.013957
581,4.841667,,,,,,,,,,,,,,,,,,,,,,,,,-120.219994,87.033569,16.332394,0.013957
582,4.85,,,,,,,,,,,,,,,,,,,,,,,,,-120.092628,87.048676,16.236433,0.013957
583,4.858333,,,,,,,,,,,,,,,,,,,,,,,,,-120.419205,86.96257,16.135418,0.013957
584,4.866667,,,,,,,,,,,,,,,,,,,,,,,,,-120.71241,86.887238,16.014069,0.013957
585,4.875,,,,,,,,,,,,,,,,,,,,,,,,,-120.331154,86.946304,15.910028,0.013957
586,4.883333,,,,,,,,,,,,,,,,,,,,,,,,,-120.13353,86.970673,15.796809,0.013957
587,4.891667,,,,,,,,,,,,,,,,,,,,,,,,,-120.189194,86.93898,15.697124,0.013957
588,4.9,,,,,,,,,,,,,,,,,,,,,,,,,-120.178314,86.925041,15.590043,0.013957
589,4.908333,,,,,,,,,,,,,,,,,,,,,,,,,-120.311401,86.877151,15.491237,0.013957
590,4.916667,,,,,,,,,,,,,,,,,,,,,,,,,-120.160965,86.894096,15.366944,0.013957
591,4.925,,,,,,,,,,,,,,,,,,,,,,,,,-120.100594,86.890442,15.256868,0.013957
592,4.933333,,,,,,,,,,,,,,,,,,,,,,,,,-119.973183,86.897575,15.148624,0.013957
593,4.941667,,,,,,,,,,,,,,,,,,,,,,,,,-120.027626,86.878746,15.049969,0.013957
594,4.95,,,,,,,,,,,,,,,,,,,,,,,,,-120.065689,86.863571,14.940068,0.013957
595,4.958333,,,,,,,,,,,,,,,,,,,,,,,,,-119.991974,86.868301,14.827143,0.013957
596,4.966667,,,,,,,,,,,,,,,,,,,,,,,,,-119.865669,86.889725,14.708779,0.013957
597,4.975,,,,,,,,,,,,,,,,,,,,,,,,,-119.810081,86.894981,14.603491,0.013957
598,4.983333,,,,,,,,,,,,,,,,,,,,,,,,,-119.862007,86.881958,14.512762,0.013957
599,4.991667,,,,,,,,,,,,,,,,,,,,,,,,,-119.831696,86.8918,14.409912,0.013957
600,5,,,,,,,,,,,,,,,,,,,,,,,,,-119.782494,86.908325,14.303673,0.013957
601,5.008333,,,,,,,,,,,,,,,,,,,,,,,,,-119.745125,86.918976,14.20122,0.013957
602,5.016667,,,,,,,,,,,,,,,,,,,,,,,,,-119.629501,86.950645,14.098824,0.013957
603,5.025,,,,,,,,,,,,,,,,,,,,,,,,,-119.624802,86.95826,14.015135,0.013957
604,5.033333,,,,,,,,,,,,,,,,,,,,,,,,,-119.658836,86.965195,13.934475,0.013957
605,5.041667,,,,,,,,,,,,,,,,,,,,,,,,,-119.656631,86.981636,13.845402,0.013957
606,5.05,,,,,,,,,,,,,,,,,,,,,,,,,-119.610123,87.008003,13.767494,0.013957
607,5.058333,,,,,,,,,,,,,,,,,,,,,,,,,-119.647705,87.020981,13.686273,0.013957
608,5.066667,,,,,,,,,,,,,,,,,,,,,,,,,-119.579353,87.055885,13.605979,0.013957
609,5.075,,,,,,,,,,,,,,,,,,,,,,,,,-119.525932,87.080666,13.535144,0.013957
610,5.083333,,,,,,,,,,,,,,,,,,,,,,,,,-119.503448,87.111023,13.469887,0.013957
611,5.091667,,,,,,,,,,,,,,,,,,,,,,,,,-119.506981,87.134933,13.411081,0.013957
612,5.1,,,,,,,,,,,,,,,,,,,,,,,,,-119.469261,87.178711,13.360432,0.013957
613,5.108333,,,,,,,,,,,,,,,,,,,,,,,,,-119.536087,87.196991,13.306355,0.013957
614,5.116667,,,,,,,,,,,,,,,,,,,,,,,,,-119.593773,87.20414,13.244596,0.013957
615,5.125,,,,,,,,,,,,,,,,,,,,,,,,,-119.458473,87.271408,13.19463,0.013957
616,5.133333,,,,,,,,,,,,,,,,,,,,,,,,,-119.466797,87.294067,13.138279,0.013957
617,5.141667,,,,,,,,,,,,,,,,,,,,,,,,,-119.446732,87.332352,13.088232,0.013957
618,5.15,,,,,,,,,,,,,,,,,,,,,,,,,-119.383148,87.378304,13.031469,0.013957
619,5.158333,,,,,,,,,,,,,,,,,,,,,,,,,-119.352547,87.422791,12.980361,0.013957
620,5.166667,,,,,,,,,,,,,,,,,,,,,,,,,-119.39418,87.445206,12.93474,0.013957
621,5.175,,,,,,,,,,,,,,,,,,,,,,,,,-119.335213,87.494156,12.888996,0.013957
622,5.183333,,,,,,,,,,,,,,,,,,,,,,,,,-119.507149,87.48526,12.856781,0.013957
623,5.191667,,,,,,,,,,,,,,,,,,,,,,,,,-119.420448,87.542694,12.804823,0.013957
624,5.2,,,,,,,,,,,,,,,,,,,,,,,,,-119.422089,87.575607,12.757964,0.013957
625,5.208333,,,,,,,,,,,,,,,,,,,,,,,,,-119.416832,87.610252,12.709715,0.013957
626,5.216667,,,,,,,,,,,,,,,,,,,,,,,,,-119.430038,87.63868,12.658675,0.013957
627,5.225,,,,,,,,,,,,,,,,,,,,,,,,,-119.234573,87.71492,12.610081,0.013957
628,5.233333,,,,,,,,,,,,,,,,,,,,,,,,,-119.384171,87.702736,12.5529,0.013957
629,5.241667,,,,,,,,,,,,,,,,,,,,,,,,,-119.343651,87.740494,12.499496,0.013957
630,5.25,,,,,,,,,,,,,,,,,,,,,,,,,-119.133995,87.804222,12.451479,0.013957
631,5.258333,,,,,,,,,,,,,,,,,,,,,,,,,-119.22525,87.814507,12.395566,0.013957
632,5.266667,,,,,,,,,,,,,,,,,,,,,,,,,-119.288979,87.813354,12.339159,0.013957
633,5.275,,,,,,,,,,,,,,,,,,,,,,,,,-119.320702,87.828896,12.293107,0.013957
634,5.283333,,,,,,,,,,,,,,,,,,,,,,,,,-119.36116,87.838531,12.243249,0.013957
635,5.291667,,,,,,,,,,,,,,,,,,,,,,,,,-119.391907,87.849106,12.19334,0.013957
636,5.3,,,,,,,,,,,,,,,,,,,,,,,,,-119.370399,87.862816,12.132534,0.013957
637,5.308333,,,,,,,,,,,,,,,,,,,,,,,,,-119.331703,87.885773,12.074128,0.013957
638,5.316667,,,,,,,,,,,,,,,,,,,,,,,,,-119.273613,87.911041,12.010484,0.013957
639,5.325,,,,,,,,,,,,,,,,,,,,,,,,,-119.253365,87.928391,11.944521,0.013957
640,5.333333,,,,,,,,,,,,,,,,,,,,,,,,,-119.193878,87.948418,11.8781,0.013957
641,5.341667,,,,,,,,,,,,,,,,,,,,,,,,,-119.151558,87.968964,11.816745,0.013957
642,5.35,,,,,,,,,,,,,,,,,,,,,,,,,-119.227425,87.969604,11.757086,0.013957
643,5.358333,,,,,,,,,,,,,,,,,,,,,,,,,-119.217911,87.979851,11.699768,0.013957
644,5.366667,,,,,,,,,,,,,,,,,,,,,,,,,-119.273293,87.978287,11.643183,0.013957
645,5.375,,,,,,,,,,,,,,,,,,,,,,,,,-119.386444,87.963364,11.587619,0.013957
646,5.383333,,,,,,,,,,,,,,,,,,,,,,,,,-119.200302,88.01181,11.509502,0.013957
647,5.391667,,,,,,,,,,,,,,,,,,,,,,,,,-119.150749,88.030899,11.440432,0.013957
648,5.4,,,,,,,,,,,,,,,,,,,,,,,,,-119.087456,88.051369,11.367333,0.013957
649,5.408333,,,,,,,,,,,,,,,,,,,,,,,,,-119.032013,88.069496,11.298472,0.013957
650,5.416667,,,,,,,,,,,,,,,,,,,,,,,,,-119.074165,88.068237,11.240532,0.013957
651,5.425,,,,,,,,,,,,,,,,,,,,,,,,,-119.101463,88.068748,11.179914,0.013957
652,5.433333,,,,,,,,,,,,,,,,,,,,,,,,,-119.115051,88.066071,11.124613,0.013957
653,5.441667,,,,,,,,,,,,,,,,,,,,,,,,,-119.154869,88.059486,11.068233,0.013957
654,5.45,,,,,,,,,,,,,,,,,,,,,,,,,-119.360748,88.015427,11.02188,0.013957
655,5.458333,,,,,,,,,,,,,,,,,,,,,,,,,-119.061211,88.082451,10.942544,0.013957
656,5.466667,,,,,,,,,,,,,,,,,,,,,,,,,-119.017555,88.093445,10.876341,0.013957
657,5.475,,,,,,,,,,,,,,,,,,,,,,,,,-118.937576,88.11306,10.812421,0.013957
658,5.483333,,,,,,,,,,,,,,,,,,,,,,,,,-118.963531,88.1101,10.756416,0.013957
659,5.491667,,,,,,,,,,,,,,,,,,,,,,,,,-118.97068,88.113693,10.698873,0.013957
660,5.5,,,,,,,,,,,,,,,,,,,,,,,,,-118.949532,88.120384,10.64518,0.013957
661,5.508333,,,,,,,,,,,,,,,,,,,,,,,,,-119.007133,88.115295,10.599703,0.013957
662,5.516667,,,,,,,,,,,,,,,,,,,,,,,,,-119.040344,88.110794,10.553821,0.013957
663,5.525,,,,,,,,,,,,,,,,,,,,,,,,,-119.064125,88.112015,10.505467,0.013957
664,5.533333,,,,,,,,,,,,,,,,,,,,,,,,,-119.059326,88.116516,10.461486,0.013957
665,5.541667,,,,,,,,,,,,,,,,,,,,,,,,,-119.032753,88.131294,10.406571,0.013957
666,5.55,,,,,,,,,,,,,,,,,,,,,,,,,-118.984795,88.143074,10.357885,0.013957
667,5.558333,,,,,,,,,,,,,,,,,,,,,,,,,-118.940056,88.164001,10.304677,0.013957
668,5.566667,,,,,,,,,,,,,,,,,,,,,,,,,-118.926414,88.170212,10.252294,0.013957
669,5.575,,,,,,,,,,,,,,,,,,,,,,,,,-118.863609,88.194809,10.200207,0.013957
670,5.583333,,,,,,,,,,,,,,,,,,,,,,,,,-118.884361,88.193886,10.153298,0.013957
671,5.591667,,,,,,,,,,,,,,,,,,,,,,,,,-118.882408,88.205505,10.112118,0.013957
672,5.6,,,,,,,,,,,,,,,,,,,,,,,,,-118.95388,88.196007,10.071797,0.013957
673,5.608333,,,,,,,,,,,,,,,,,,,,,,,,,-118.979332,88.190475,10.037948,0.013957
674,5.616667,,,,,,,,,,,,,,,,,,,,,,,,,-118.978271,88.204208,9.998228,0.013957
675,5.625,,,,,,,,,,,,,,,,,,,,,,,,,-119.06115,88.200722,9.96734,0.013957
676,5.633333,,,,,,,,,,,,,,,,,,,,,,,,,-118.91774,88.240593,9.931267,0.013957
677,5.641667,,,,,,,,,,,,,,,,,,,,,,,,,-118.986221,88.233444,9.890653,0.013957
678,5.65,,,,,,,,,,,,,,,,,,,,,,,,,-118.965134,88.245514,9.850289,0.013957
679,5.658333,,,,,,,,,,,,,,,,,,,,,,,,,-118.971397,88.254234,9.81125,0.013957
680,5.666667,,,,,,,,,,,,,,,,,,,,,,,,,-118.995056,88.260857,9.769535,0.013957
681,5.675,,,,,,,,,,,,,,,,,,,,,,,,,-118.910667,88.291504,9.7267,0.013957
682,5.683333,,,,,,,,,,,,,,,,,,,,,,,,,-119.057755,88.27475,9.680816,0.013957
683,5.691667,,,,,,,,,,,,,,,,,,,,,,,,,-118.935326,88.298653,9.643204,0.013957
684,5.7,,,,,,,,,,,,,,,,,,,,,,,,,-119.047752,88.294594,9.600046,0.013957
685,5.708333,,,,,,,,,,,,,,,,,,,,,,,,,-118.994965,88.316315,9.558674,0.013957
686,5.716667,,,,,,,,,,,,,,,,,,,,,,,,,-119.016006,88.318253,9.51762,0.013957
687,5.725,,,,,,,,,,,,,,,,,,,,,,,,,-118.940392,88.339096,9.483287,0.013957
688,5.733333,,,,,,,,,,,,,,,,,,,,,,,,,-118.954407,88.342957,9.441015,0.013957
689,5.741667,,,,,,,,,,,,,,,,,,,,,,,,,-119.061028,88.330933,9.400468,0.013957
690,5.75,,,,,,,,,,,,,,,,,,,,,,,,,-119.064285,88.338898,9.359554,0.013957
691,5.758333,,,,,,,,,,,,,,,,,,,,,,,,,-119.140518,88.333214,9.32061,0.013957
692,5.766667,,,,,,,,,,,,,,,,,,,,,,,,,-118.893173,88.398399,9.268585,0.013957
693,5.775,,,,,,,,,,,,,,,,,,,,,,,,,-118.936516,88.40139,9.215151,0.013957
694,5.783333,,,,,,,,,,,,,,,,,,,,,,,,,-118.972931,88.394608,9.155166,0.013957
695,5.791667,,,,,,,,,,,,,,,,,,,,,,,,,-118.885422,88.422142,9.105819,0.013957
696,5.8,,,,,,,,,,,,,,,,,,,,,,,,,-118.87574,88.436348,9.047328,0.013957
697,5.808333,,,,,,,,,,,,,,,,,,,,,,,,,-118.816925,88.47097,8.996448,0.013957
698,5.816667,,,,,,,,,,,,,,,,,,,,,,,,,-118.864967,88.48011,8.938499,0.013957
699,5.825,,,,,,,,,,,,,,,,,,,,,,,,,-118.942383,88.48748,8.878712,0.013957
700,5.833333,,,,,,,,,,,,,,,,,,,,,,,,,-118.944359,88.524628,8.823451,0.013957
701,5.841667,,,,,,,,,,,,,,,,,,,,,,,,,-118.945839,88.552864,8.762323,0.013957
702,5.85,,,,,,,,,,,,,,,,,,,,,,,,,-118.911652,88.599113,8.692958,0.013957
703,5.858333,,,,,,,,,,,,,,,,,,,,,,,,,-118.841049,88.647766,8.622716,0.013957
704,5.866667,,,,,,,,,,,,,,,,,,,,,,,,,-118.788322,88.6987,8.553073,0.013957
705,5.875,,,,,,,,,,,,,,,,,,,,,,,,,-118.762634,88.739212,8.485415,0.013957
706,5.883333,,,,,,,,,,,,,,,,,,,,,,,,,-118.800461,88.769447,8.422453,0.013957
707,5.891667,,,,,,,,,,,,,,,,,,,,,,,,,-118.856522,88.788155,8.36158,0.013957
708,5.9,,,,,,,,,,,,,,,,,,,,,,,,,-118.926987,88.802841,8.305879,0.013957
709,5.908333,,,,,,,,,,,,,,,,,,,,,,,,,-118.899963,88.832611,8.244628,0.013957
710,5.916667,,,,,,,,,,,,,,,,,,,,,,,,,-118.906036,88.855431,8.184658,0.013957
711,5.925,,,,,,,,,,,,,,,,,,,,,,,,,-118.816414,88.892624,8.117486,0.013957
712,5.933333,,,,,,,,,,,,,,,,,,,,,,,,,-118.651726,88.947418,8.05293,0.013957
713,5.941667,,,,,,,,,,,,,,,,,,,,,,,,,-118.626976,88.969955,7.985384,0.013957
714,5.95,,,,,,,,,,,,,,,,,,,,,,,,,-118.659058,88.978951,7.915661,0.013957
715,5.958333,,,,,,,,,,,,,,,,,,,,,,,,,-118.699905,88.985237,7.854361,0.013957
716,5.966667,,,,,,,,,,,,,,,,,,,,,,,,,-118.61248,89.021416,7.793303,0.013957
717,5.975,,,,,,,,,,,,,,,,,,,,,,,,,-118.74752,89.00518,7.733135,0.013957
718,5.983333,,,,,,,,,,,,,,,,,,,,,,,,,-118.734886,89.023254,7.671979,0.013957
719,5.991667,,,,,,,,,,,,,,,,,,,,,,,,,-118.702171,89.04406,7.608832,0.013957
720,6,,,,,,,,,,,,,,,,,,,,,,,,,-118.625,89.07206,7.537207,0.013957
721,6.008333,,,,,,,,,,,,,,,,,,,,,,,,,-118.363861,89.142624,7.484247,0.013957
722,6.016667,,,,,,,,,,,,,,,,,,,,,,,,,-118.468651,89.131996,7.407965,0.013957
723,6.025,,,,,,,,,,,,,,,,,,,,,,,,,-118.381989,89.16584,7.34609,0.013957
724,6.033333,,,,,,,,,,,,,,,,,,,,,,,,,-118.568352,89.141495,7.283579,0.013957
725,6.041667,,,,,,,,,,,,,,,,,,,,,,,,,-118.59597,89.152916,7.228813,0.013957
726,6.05,,,,,,,,,,,,,,,,,,,,,,,,,-118.627335,89.157906,7.168771,0.013957
727,6.058333,,,,,,,,,,,,,,,,,,,,,,,,,-118.587921,89.180321,7.110389,0.013957
728,6.066667,,,,,,,,,,,,,,,,,,,,,,,,,-118.529259,89.197906,7.046005,0.013957
729,6.075,,,,,,,,,,,,,,,,,,,,,,,,,-118.604721,89.197815,6.986586,0.013957
730,6.083333,,,,,,,,,,,,,,,,,,,,,,,,,-118.410599,89.236496,6.911054,0.013957
731,6.091667,,,,,,,,,,,,,,,,,,,,,,,,,-118.387161,89.253922,6.84126,0.013957
732,6.1,,,,,,,,,,,,,,,,,,,,,,,,,-118.333344,89.26561,6.774766,0.013957
733,6.108333,,,,,,,,,,,,,,,,,,,,,,,,,-118.427124,89.252319,6.704734,0.013957
734,6.116667,,,,,,,,,,,,,,,,,,,,,,,,,-118.489838,89.242393,6.640486,0.013957
735,6.125,,,,,,,,,,,,,,,,,,,,,,,,,-118.459511,89.247528,6.572493,0.013957
736,6.133333,,,,,,,,,,,,,,,,,,,,,,,,,-118.384888,89.258743,6.499808,0.013957
737,6.141667,,,,,,,,,,,,,,,,,,,,,,,,,-118.521187,89.224174,6.438515,0.013957
738,6.15,,,,,,,,,,,,,,,,,,,,,,,,,-118.267456,89.273285,6.349639,0.013957
739,6.158333,,,,,,,,,,,,,,,,,,,,,,,,,-118.205132,89.277229,6.274909,0.013957
740,6.166667,,,,,,,,,,,,,,,,,,,,,,,,,-118.171219,89.282516,6.199193,0.013957
741,6.175,,,,,,,,,,,,,,,,,,,,,,,,,-118.229416,89.266365,6.129768,0.013957
742,6.183333,,,,,,,,,,,,,,,,,,,,,,,,,-118.27874,89.256737,6.059309,0.013957
743,6.191667,,,,,,,,,,,,,,,,,,,,,,,,,-118.224335,89.262535,5.989445,0.013957
744,6.2,,,,,,,,,,,,,,,,,,,,,,,,,-118.162834,89.27388,5.920282,0.013957
745,6.208333,,,,,,,,,,,,,,,,,,,,,,,,,-118.221046,89.257439,5.851274,0.013957
746,6.216667,,,,,,,,,,,,,,,,,,,,,,,,,-118.06601,89.295647,5.774129,0.013957
747,6.225,,,,,,,,,,,,,,,,,,,,,,,,,-117.984261,89.312531,5.705169,0.013957
748,6.233333,,,,,,,,,,,,,,,,,,,,,,,,,-117.973839,89.316765,5.635748,0.013957
749,6.241667,,,,,,,,,,,,,,,,,,,,,,,,,-118.05867,89.303192,5.573452,0.013957
750,6.25,,,,,,,,,,,,,,,,,,,,,,,,,-118.129921,89.29599,5.512342,0.013957
751,6.258333,,,,,,,,,,,,,,,,,,,,,,,,,-118.129883,89.302406,5.450592,0.013957
752,6.266667,,,,,,,,,,,,,,,,,,,,,,,,,-118.079468,89.316109,5.387445,0.013957
753,6.275,,,,,,,,,,,,,,,,,,,,,,,,,-118.139435,89.314484,5.32399,0.013957
754,6.283333,,,,,,,,,,,,,,,,,,,,,,,,,-117.922226,89.367752,5.251735,0.013957
755,6.291667,,,,,,,,,,,,,,,,,,,,,,,,,-117.882324,89.38694,5.185179,0.013957
756,6.3,,,,,,,,,,,,,,,,,,,,,,,,,-117.879196,89.396896,5.120293,0.013957
757,6.308333,,,,,,,,,,,,,,,,,,,,,,,,,-117.908768,89.403877,5.055403,0.013957
758,6.316667,,,,,,,,,,,,,,,,,,,,,,,,,-117.970596,89.404404,4.99312,0.013957
759,6.325,,,,,,,,,,,,,,,,,,,,,,,,,-118.001762,89.41201,4.934707,0.013957
760,6.333333,,,,,,,,,,,,,,,,,,,,,,,,,-118.00132,89.428413,4.873291,0.013957
761,6.341667,,,,,,,,,,,,,,,,,,,,,,,,,-117.965996,89.451126,4.803951,0.013957
762,6.35,,,,,,,,,,,,,,,,,,,,,,,,,-117.890442,89.478943,4.740209,0.013957
763,6.358333,,,,,,,,,,,,,,,,,,,,,,,,,-117.826416,89.508118,4.670467,0.013957
764,6.366667,,,,,,,,,,,,,,,,,,,,,,,,,-117.797234,89.528114,4.6063,0.013957
765,6.375,,,,,,,,,,,,,,,,,,,,,,,,,-117.814789,89.545395,4.539409,0.013957
766,6.383333,,,,,,,,,,,,,,,,,,,,,,,,,-117.875778,89.54808,4.478786,0.013957
767,6.391667,,,,,,,,,,,,,,,,,,,,,,,,,-118.003998,89.537598,4.41712,0.013957
768,6.4,,,,,,,,,,,,,,,,,,,,,,,,,-118.037987,89.545166,4.359962,0.013957
769,6.408333,,,,,,,,,,,,,,,,,,,,,,,,,-117.985428,89.569885,4.301609,0.013957
770,6.416667,,,,,,,,,,,,,,,,,,,,,,,,,-117.957031,89.591331,4.236882,0.013957
771,6.425,,,,,,,,,,,,,,,,,,,,,,,,,-117.902756,89.617844,4.170715,0.013957
772,6.433333,,,,,,,,,,,,,,,,,,,,,,,,,-117.889931,89.638008,4.100681,0.013957
773,6.441667,,,,,,,,,,,,,,,,,,,,,,,,,-117.879105,89.652756,4.031077,0.013957
774,6.45,,,,,,,,,,,,,,,,,,,,,,,,,-117.870201,89.672874,3.96511,0.013957
775,6.458333,,,,,,,,,,,,,,,,,,,,,,,,,-117.919006,89.676262,3.900223,0.013957
776,6.466667,,,,,,,,,,,,,,,,,,,,,,,,,-117.987968,89.681122,3.83363,0.013957
777,6.475,,,,,,,,,,,,,,,,,,,,,,,,,-117.967796,89.705688,3.762913,0.013957
778,6.483333,,,,,,,,,,,,,,,,,,,,,,,,,-117.960617,89.719688,3.688056,0.013957
779,6.491667,,,,,,,,,,,,,,,,,,,,,,,,,-117.858063,89.759857,3.609386,0.013957
780,6.5,,,,,,,,,,,,,,,,,,,,,,,,,-117.844772,89.774948,3.529047,0.013957
781,6.508333,,,,,,,,,,,,,,,,,,,,,,,,,-117.779282,89.807739,3.457268,0.013957
782,6.516667,,,,,,,,,,,,,,,,,,,,,,,,,-117.821098,89.815918,3.382117,0.013957
783,6.525,,,,,,,,,,,,,,,,,,,,,,,,,-117.931877,89.818443,3.30864,0.013957
784,6.533333,,,,,,,,,,,,,,,,,,,,,,,,,-117.948318,89.829048,3.23542,0.013957
785,6.541667,,,,,,,,,,,,,,,,,,,,,,,,,-117.957474,89.846596,3.161774,0.013957
786,6.55,,,,,,,,,,,,,,,,,,,,,,,,,-117.89315,89.874168,3.077126,0.013957
787,6.558333,,,,,,,,,,,,,,,,,,,,,,,,,-117.825226,89.908768,2.994796,0.013957
788,6.566667,,,,,,,,,,,,,,,,,,,,,,,,,-117.79628,89.925972,2.91073,0.013957
789,6.575,,,,,,,,,,,,,,,,,,,,,,,,,-117.833481,89.933243,2.83057,0.013957
790,6.583333,,,,,,,,,,,,,,,,,,,,,,,,,-117.928886,89.926483,2.745895,0.013957
791,6.591667,,,,,,,,,,,,,,,,,,,,,,,,,-117.963303,89.935318,2.667587,0.013957
792,6.6,,,,,,,,,,,,,,,,,,,,,,,,,-117.96244,89.949783,2.585463,0.013957
793,6.608333,,,,,,,,,,,,,,,,,,,,,,,,,-117.973343,89.960899,2.505355,0.013957
794,6.616667,,,,,,,,,,,,,,,,,,,,,,,,,-117.824081,89.997246,2.416893,0.013957
795,6.625,,,,,,,,,,,,,,,,,,,,,,,,,-117.816589,90.010818,2.334155,0.013957
796,6.633333,,,,,,,,,,,,,,,,,,,,,,,,,-117.836571,90.010468,2.258615,0.013957
797,6.641667,,,,,,,,,,,,,,,,,,,,,,,,,-117.924591,90.003296,2.187419,0.013957
798,6.65,,,,,,,,,,,,,,,,,,,,,,,,,-118.0411,89.989265,2.117975,0.013957
799,6.658333,,,,,,,,,,,,,,,,,,,,,,,,,-118.053375,89.987885,2.050224,0.013957
800,6.666667,,,,,,,,,,,,,,,,,,,,,,,,,-118.174103,89.972466,1.989555,0.013957
801,6.675,,,,,,,,,,,,,,,,,,,,,,,,,-117.951294,90.017868,1.914208,0.013957
802,6.683333,,,,,,,,,,,,,,,,,,,,,,,,,-117.918373,90.025749,1.846274,0.013957
803,6.691667,,,,,,,,,,,,,,,,,,,,,,,,,-117.89476,90.033546,1.779906,0.013957
804,6.7,,,,,,,,,,,,,,,,,,,,,,,,,-117.952171,90.030495,1.720159,0.013957
805,6.708333,,,,,,,,,,,,,,,,,,,,,,,,,-118.005669,90.026558,1.659281,0.013957
806,6.716667,,,,,,,,,,,,,,,,,,,,,,,,,-118.193161,89.992912,1.600388,0.013957
807,6.725,,,,,,,,,,,,,,,,,,,,,,,,,-118.209145,89.999756,1.553048,0.013957
808,6.733333,,,,,,,,,,,,,,,,,,,,,,,,,-118.195404,90.004562,1.49875,0.013957
809,6.741667,,,,,,,,,,,,,,,,,,,,,,,,,-118.197716,90.011032,1.445161,0.013957
810,6.75,,,,,,,,,,,,,,,,,,,,,,,,,-118.194351,90.013252,1.389239,0.013957
811,6.758333,,,,,,,,,,,,,,,,,,,,,,,,,-118.143997,90.029121,1.337487,0.013957
812,6.766667,,,,,,,,,,,,,,,,,,,,,,,,,-118.105927,90.043022,1.285898,0.013957
813,6.775,,,,,,,,,,,,,,,,,,,,,,,,,-118.092606,90.057098,1.233277,0.013957
814,6.783333,,,,,,,,,,,,,,,,,,,,,,,,,-118.008446,90.077148,1.187855,0.013957
815,6.791667,,,,,,,,,,,,,,,,,,,,,,,,,-118.193481,90.049835,1.133629,0.013957
816,6.8,,,,,,,,,,,,,,,,,,,,,,,,,-118.18119,90.060707,1.089561,0.013957
817,6.808333,,,,,,,,,,,,,,,,,,,,,,,,,-118.272232,90.049728,1.049226,0.013957
818,6.816667,,,,,,,,,,,,,,,,,,,,,,,,,-118.27533,90.052238,1.009493,0.013957
819,6.825,,,,,,,,,,,,,,,,,,,,,,,,,-118.323051,90.051094,0.967276,0.013957
820,6.833333,,,,,,,,,,,,,,,,,,,,,,,,,-118.365845,90.049538,0.926728,0.013957
821,6.841667,,,,,,,,,,,,,,,,,,,,,,,,,-118.350311,90.063782,0.872239,0.013957
822,6.85,,,,,,,,,,,,,,,,,,,,,,,,,-118.319084,90.079613,0.818562,0.013957
823,6.858333,,,,,,,,,,,,,,,,,,,,,,,,,-118.273033,90.093994,0.77615,0.013957
824,6.866667,,,,,,,,,,,,,,,,,,,,,,,,,-118.281364,90.102837,0.72715,0.013957
825,6.875,,,,,,,,,,,,,,,,,,,,,,,,,-118.24926,90.117012,0.677005,0.013957
826,6.883333,,,,,,,,,,,,,,,,,,,,,,,,,-118.03701,90.172943,0.643907,0.013957
827,6.891667,,,,,,,,,,,,,,,,,,,,,,,,,-118.222,90.149063,0.587835,0.013957
828,6.9,,,,,,,,,,,,,,,,,,,,,,,,,-118.232918,90.162682,0.54342,0.013957
829,6.908333,,,,,,,,,,,,,,,,,,,,,,,,,-118.347397,90.14537,0.494791,0.013957
830,6.916667,,,,,,,,,,,,,,,,,,,,,,,,,-118.436623,90.154816,0.451841,0.013957
831,6.925,,,,,,,,,,,,,,,,,,,,,,,,,-118.435944,90.161179,0.410121,0.013957
832,6.933333,,,,,,,,,,,,,,,,,,,,,,,,,-118.50531,90.163734,0.361367,0.013957
833,6.941667,,,,,,,,,,,,,,,,,,,,,,,,,-118.4944,90.185257,0.312975,0.013957
834,6.95,,,,,,,,,,,,,,,,,,,,,,,,,-118.448593,90.209373,0.261158,0.013957
835,6.958333,,,,,,,,,,,,,,,,,,,,,,,,,-118.307266,90.260918,0.223785,0.013957
836,6.966667,,,,,,,,,,,,,,,,,,,,,,,,,-118.378242,90.258163,0.162975,0.013957
837,6.975,,,,,,,,,,,,,,,,,,,,,,,,,-118.382683,90.279472,0.112363,0.013957
838,6.983333,,,,,,,,,,,,,,,,,,,,,,,,,-118.399063,90.288803,0.068527,0.013957
839,6.991667,,,,,,,,,,,,,,,,,,,,,,,,,-118.390762,90.308853,0.018237,0.013957
840,7,,,,,,,,,,,,,,,,,,,,,,,,,-118.426003,90.319817,-0.027295,0.013957
841,7.008333,,,,,,,,,,,,,,,,,,,,,,,,,-118.469444,90.329956,-0.072493,0.013957
842,7.016667,,,,,,,,,,,,,,,,,,,,,,,,,-118.534233,90.331596,-0.114459,0.013957
843,7.025,,,,,,,,,,,,,,,,,,,,,,,,,-118.554558,90.344864,-0.159003,0.013957
844,7.033333,,,,,,,,,,,,,,,,,,,,,,,,,-118.654045,90.340263,-0.204303,0.013957
845,7.041667,,,,,,,,,,,,,,,,,,,,,,,,,-118.592369,90.370346,-0.250776,0.013957
846,7.05,,,,,,,,,,,,,,,,,,,,,,,,,-118.609177,90.379219,-0.298696,0.013957
847,7.058333,,,,,,,,,,,,,,,,,,,,,,,,,-118.58432,90.408501,-0.346305,0.013957
848,7.066667,,,,,,,,,,,,,,,,,,,,,,,,,-118.462349,90.442558,-0.392321,0.013957
849,7.075,,,,,,,,,,,,,,,,,,,,,,,,,-118.485191,90.457176,-0.441489,0.013957
850,7.083333,,,,,,,,,,,,,,,,,,,,,,,,,-118.401077,90.493851,-0.488582,0.013957
851,7.091667,,,,,,,,,,,,,,,,,,,,,,,,,-118.446037,90.512939,-0.536962,0.013957
852,7.1,,,,,,,,,,,,,,,,,,,,,,,,,-118.591896,90.499809,-0.594305,0.013957
853,7.108333,,,,,,,,,,,,,,,,,,,,,,,,,-118.532768,90.535248,-0.632478,0.013957
854,7.116667,,,,,,,,,,,,,,,,,,,,,,,,,-118.552483,90.552879,-0.677815,0.013957
855,7.125,,,,,,,,,,,,,,,,,,,,,,,,,-118.71508,90.542786,-0.729462,0.013957
856,7.133333,,,,,,,,,,,,,,,,,,,,,,,,,-118.86245,90.538971,-0.772064,0.013957
857,7.141667,,,,,,,,,,,,,,,,,,,,,,,,,-118.796791,90.570221,-0.810906,0.013957
858,7.15,,,,,,,,,,,,,,,,,,,,,,,,,-118.548271,90.636414,-0.868406,0.013957
859,7.158333,,,,,,,,,,,,,,,,,,,,,,,,,-118.551956,90.658455,-0.917698,0.013957
860,7.166667,,,,,,,,,,,,,,,,,,,,,,,,,-118.476364,90.688866,-0.967646,0.013957
861,7.175,,,,,,,,,,,,,,,,,,,,,,,,,-118.478668,90.707817,-1.016035,0.013957
862,7.183333,,,,,,,,,,,,,,,,,,,,,,,,,-118.403503,90.738731,-1.060354,0.013957
863,7.191667,,,,,,,,,,,,,,,,,,,,,,,,,-118.46106,90.746445,-1.112879,0.013957
864,7.2,,,,,,,,,,,,,,,,,,,,,,,,,-118.480537,90.763687,-1.158551,0.013957
865,7.208333,,,,,,,,,,,,,,,,,,,,,,,,,,,,
866,7.216667,,,,,,,,,,,,,,,,,,,,,,,,,,,,
867,7.225,,,,,,,,,,,,,,,,,,,,,,,,,,,,
868,7.233333,,,,,,,,,,,,,,,,,,,,,,,,,,,,
869,7.241667,,,,,,,,,,,,,,,,,,,,,,,,,-118.607712,90.833183,-1.392315,0.013957
870,7.25,,,,,,,,,,,,,,,,,,,,,,,,,,,,
871,7.258333,,,,,,,,,,,,,,,,,,,,,,,,,,,,
872,7.266667,,,,,,,,,,,,,,,,,,,,,,,,,-118.456985,90.909836,-1.536765,0.013957
873,7.275,,,,,,,,,,,,,,,,,,,,,,,,,-118.419113,90.933563,-1.57974,0.013957
874,7.283333,,,,,,,,,,,,,,,,,,,,,,,,,-118.393517,90.956787,-1.623672,0.013957
875,7.291667,,,,,,,,,,,,,,,,,,,,,,,,,,,,
876,7.3,,,,,,,,,,,,,,,,,,,,,,,,,-118.437943,90.983734,-1.712194,0.013957
877,7.308333,,,,,,,,,,,,,,,,,,,,,,,,,-118.493973,90.993584,-1.750971,0.013957
878,7.316667,,,,,,,,,,,,,,,,,,,,,,,,,,,,
879,7.325,,,,,,,,,,,,,,,,,,,,,,,,,-118.563713,91.01828,-1.823585,0.013957
880,7.333333,,,,,,,,,,,,,,,,,,,,,,,,,,,,
881,7.341667,,,,,,,,,,,,,,,,,,,,,,,,,,,,
882,7.35,,,,,,,,,,,,,,,,,,,,,,,,,-118.591309,91.061867,-1.931355,0.013957
883,7.358333,,,,,,,,,,,,,,,,,,,,,,,,,,,,
884,7.366667,,,,,,,,,,,,,,,,,,,,,,,,,,,,
885,7.375,,,,,,,,,,,,,,,,,,,,,,,,,-118.539749,91.118225,-2.044801,0.013957
886,7.383333,,,,,,,,,,,,,,,,,,,,,,,,,-118.47644,91.139557,-2.081268,0.013957
887,7.391667,,,,,,,,,,,,,,,,,,,,,,,,,-118.455948,91.159103,-2.116834,0.013957
888,7.4,,,,,,,,,,,,,,,,,,,,,,,,,-118.430481,91.174637,-2.154938,0.013957
889,7.408333,,,,,,,,,,,,,,,,,,,,,,,,,-118.405579,91.188499,-2.189602,0.013957
890,7.416667,,,,,,,,,,,,,,,,,,,,,,,,,-118.434273,91.195282,-2.222918,0.013957
891,7.425,,,,,,,,,,,,,,,,,,,,,,,,,-118.494247,91.190445,-2.258133,0.013957
892,7.433333,,,,,,,,,,,,,,,,,,,,,,,,,-118.519661,91.19326,-2.285434,0.013957
893,7.441667,,,,,,,,,,,,,,,,,,,,,,,,,-118.506897,91.198143,-2.311035,0.013957
894,7.45,,,,,,,,,,,,,,,,,,,,,,,,,-118.560364,91.194519,-2.343886,0.013957
895,7.458333,,,,,,,,,,,,,,,,,,,,,,,,,-118.623123,91.187447,-2.371704,0.013957
896,7.466667,,,,,,,,,,,,,,,,,,,,,,,,,-118.653046,91.18853,-2.406034,0.013957
897,7.475,,,,,,,,,,,,,,,,,,,,,,,,,-118.643829,91.196899,-2.43041,0.013957
898,7.483333,,,,,,,,,,,,,,,,,,,,,,,,,-118.634155,91.198853,-2.464285,0.013957
899,7.491667,,,,,,,,,,,,,,,,,,,,,,,,,-118.673691,91.19133,-2.496655,0.013957
900,7.5,,,,,,,,,,,,,,,,,,,,,,,,,-118.576279,91.208855,-2.528112,0.013957
901,7.508333,,,,,,,,,,,,,,,,,,,,,,,,,-118.577126,91.207985,-2.557643,0.013957
902,7.516667,,,,,,,,,,,,,,,,,,,,,,,,,-118.548393,91.212761,-2.585173,0.013957
903,7.525,,,,,,,,,,,,,,,,,,,,,,,,,-118.528854,91.215988,-2.615759,0.013957
904,7.533333,,,,,,,,,,,,,,,,,,,,,,,,,-118.46862,91.229332,-2.642493,0.013957
905,7.541667,,,,,,,,,,,,,,,,,,,,,,,,,-118.474388,91.229622,-2.670855,0.013957
906,7.55,,,,,,,,,,,,,,,,,,,,,,,,,-118.421898,91.24118,-2.70136,0.013957
907,7.558333,,,,,,,,,,,,,,,,,,,,,,,,,-118.408463,91.245613,-2.730774,0.013957
908,7.566667,,,,,,,,,,,,,,,,,,,,,,,,,-118.386986,91.24781,-2.764631,0.013957
909,7.575,,,,,,,,,,,,,,,,,,,,,,,,,-118.410027,91.252937,-2.798583,0.013957
910,7.583333,,,,,,,,,,,,,,,,,,,,,,,,,-118.523277,91.235283,-2.833795,0.013957
911,7.591667,,,,,,,,,,,,,,,,,,,,,,,,,-118.600449,91.228729,-2.873848,0.013957
912,7.6,,,,,,,,,,,,,,,,,,,,,,,,,-118.587364,91.23185,-2.903385,0.013957
913,7.608333,,,,,,,,,,,,,,,,,,,,,,,,,-118.660591,91.233505,-2.946217,0.013957
914,7.616667,,,,,,,,,,,,,,,,,,,,,,,,,-118.730797,91.230957,-2.979511,0.013957
915,7.625,,,,,,,,,,,,,,,,,,,,,,,,,-118.708359,91.241478,-3.01126,0.013957
916,7.633333,,,,,,,,,,,,,,,,,,,,,,,,,-118.737373,91.243202,-3.049532,0.013957
917,7.641667,,,,,,,,,,,,,,,,,,,,,,,,,-118.660797,91.267334,-3.086894,0.013957
918,7.65,,,,,,,,,,,,,,,,,,,,,,,,,-118.606567,91.288879,-3.125523,0.013957
919,7.658333,,,,,,,,,,,,,,,,,,,,,,,,,-118.53685,91.307945,-3.158317,0.013957
920,7.666667,,,,,,,,,,,,,,,,,,,,,,,,,-118.565353,91.303024,-3.199941,0.013957
921,7.675,,,,,,,,,,,,,,,,,,,,,,,,,-118.542694,91.304703,-3.239051,0.013957
922,7.683333,,,,,,,,,,,,,,,,,,,,,,,,,-118.552574,91.307846,-3.270923,0.013957
923,7.691667,,,,,,,,,,,,,,,,,,,,,,,,,-118.53614,91.310921,-3.308372,0.013957
924,7.7,,,,,,,,,,,,,,,,,,,,,,,,,-118.525757,91.312416,-3.338234,0.013957
925,7.708333,,,,,,,,,,,,,,,,,,,,,,,,,-118.586029,91.299644,-3.376039,0.013957
926,7.716667,,,,,,,,,,,,,,,,,,,,,,,,,-118.587914,91.299515,-3.404828,0.013957
927,7.725,,,,,,,,,,,,,,,,,,,,,,,,,-118.702843,91.284111,-3.442926,0.013957
928,7.733333,,,,,,,,,,,,,,,,,,,,,,,,,-118.769577,91.270111,-3.474706,0.013957
929,7.741667,,,,,,,,,,,,,,,,,,,,,,,,,-118.799423,91.263023,-3.503747,0.013957
930,7.75,,,,,,,,,,,,,,,,,,,,,,,,,-118.835915,91.246468,-3.526888,0.013957
931,7.758333,,,,,,,,,,,,,,,,,,,,,,,,,-118.859467,91.241341,-3.55469,0.013957
932,7.766667,,,,,,,,,,,,,,,,,,,,,,,,,-118.890701,91.23391,-3.582174,0.013957
933,7.775,,,,,,,,,,,,,,,,,,,,,,,,,-118.925842,91.227379,-3.61058,0.013957
934,7.783333,,,,,,,,,,,,,,,,,,,,,,,,,-118.934181,91.222198,-3.636112,0.013957
935,7.791667,,,,,,,,,,,,,,,,,,,,,,,,,-118.931534,91.225304,-3.663265,0.013957
936,7.8,,,,,,,,,,,,,,,,,,,,,,,,,-118.945145,91.221313,-3.693276,0.013957
937,7.808333,,,,,,,,,,,,,,,,,,,,,,,,,-118.91745,91.227272,-3.715515,0.013957
938,7.816667,,,,,,,,,,,,,,,,,,,,,,,,,-118.909607,91.230659,-3.743828,0.013957
939,7.825,,,,,,,,,,,,,,,,,,,,,,,,,-118.861099,91.241409,-3.769021,0.013957
940,7.833333,,,,,,,,,,,,,,,,,,,,,,,,,-118.860077,91.24585,-3.799635,0.013957
941,7.841667,,,,,,,,,,,,,,,,,,,,,,,,,-118.848869,91.249283,-3.829453,0.013957
942,7.85,,,,,,,,,,,,,,,,,,,,,,,,,-118.849052,91.253952,-3.860025,0.013957
943,7.858333,,,,,,,,,,,,,,,,,,,,,,,,,-118.82827,91.265953,-3.888734,0.013957
944,7.866667,,,,,,,,,,,,,,,,,,,,,,,,,-118.840805,91.2677,-3.924119,0.013957
945,7.875,,,,,,,,,,,,,,,,,,,,,,,,,-118.876198,91.266106,-3.95365,0.013957
946,7.883333,,,,,,,,,,,,,,,,,,,,,,,,,-118.942642,91.269096,-3.99167,0.013957
947,7.891667,,,,,,,,,,,,,,,,,,,,,,,,,-118.890938,91.280563,-4.016448,0.013957
948,7.9,,,,,,,,,,,,,,,,,,,,,,,,,-118.996902,91.26339,-4.044861,0.013957
949,7.908333,,,,,,,,,,,,,,,,,,,,,,,,,-118.995621,91.271301,-4.071931,0.013957
950,7.916667,,,,,,,,,,,,,,,,,,,,,,,,,-119.063828,91.263702,-4.100012,0.013957
951,7.925,,,,,,,,,,,,,,,,,,,,,,,,,-119.133522,91.264328,-4.124562,0.013957
952,7.933333,,,,,,,,,,,,,,,,,,,,,,,,,-119.133629,91.266129,-4.152045,0.013957
953,7.941667,,,,,,,,,,,,,,,,,,,,,,,,,-119.156357,91.270988,-4.18273,0.013957
954,7.95,,,,,,,,,,,,,,,,,,,,,,,,,-119.168495,91.275032,-4.213334,0.013957
955,7.958333,,,,,,,,,,,,,,,,,,,,,,,,,-119.115952,91.294319,-4.24284,0.013957
956,7.966667,,,,,,,,,,,,,,,,,,,,,,,,,-119.138321,91.296974,-4.272661,0.013957
957,7.975,,,,,,,,,,,,,,,,,,,,,,,,,-119.073441,91.321014,-4.301277,0.013957
958,7.983333,,,,,,,,,,,,,,,,,,,,,,,,,-119.046364,91.328018,-4.329983,0.013957
959,7.991667,,,,,,,,,,,,,,,,,,,,,,,,,-119.082405,91.329361,-4.358407,0.013957
960,8,,,,,,,,,,,,,,,,,,,,,,,,,-119.032928,91.345718,-4.383618,0.013957
961,8.008333,,,,,,,,,,,,,,,,,,,,,,,,,-118.997398,91.357979,-4.40648,0.013957
962,8.016667,,,,,,,,,,,,,,,,,,,,,,,,,-119.030655,91.357773,-4.436336,0.013957
963,8.025,,,,,,,,,,,,,,,,,,,,,,,,,-119.041527,91.364052,-4.461454,0.013957
964,8.033333,,,,,,,,,,,,,,,,,,,,,,,,,-118.997681,91.378464,-4.486411,0.013957
965,8.041667,,,,,,,,,,,,,,,,,,,,,,,,,-118.981621,91.386497,-4.511369,0.013957
966,8.05,,,,,,,,,,,,,,,,,,,,,,,,,-119.003677,91.391052,-4.538629,0.013957
967,8.058333,,,,,,,,,,,,,,,,,,,,,,,,,-119.03447,91.388702,-4.569749,0.013957
968,8.066667,,,,,,,,,,,,,,,,,,,,,,,,,-119.053459,91.393936,-4.598028,0.013957
969,8.075,,,,,,,,,,,,,,,,,,,,,,,,,-119.153,91.382591,-4.629822,0.013957
970,8.083333,,,,,,,,,,,,,,,,,,,,,,,,,-119.256401,91.375053,-4.662266,0.013957
971,8.091667,,,,,,,,,,,,,,,,,,,,,,,,,-119.221603,91.38327,-4.684936,0.013957
972,8.1,,,,,,,,,,,,,,,,,,,,,,,,,-119.226097,91.388702,-4.713202,0.013957
973,8.108333,,,,,,,,,,,,,,,,,,,,,,,,,-119.24453,91.390556,-4.742961,0.013957
974,8.116667,,,,,,,,,,,,,,,,,,,,,,,,,-119.243729,91.398773,-4.773681,0.013957
975,8.125,,,,,,,,,,,,,,,,,,,,,,,,,-119.202515,91.413925,-4.804219,0.013957
976,8.133333,,,,,,,,,,,,,,,,,,,,,,,,,-119.17572,91.429871,-4.836894,0.013957
977,8.141667,,,,,,,,,,,,,,,,,,,,,,,,,-119.156708,91.440567,-4.868071,0.013957
978,8.15,,,,,,,,,,,,,,,,,,,,,,,,,-119.113564,91.467117,-4.900593,0.013957
979,8.158333,,,,,,,,,,,,,,,,,,,,,,,,,-119.09729,91.48217,-4.929661,0.013957
980,8.166667,,,,,,,,,,,,,,,,,,,,,,,,,-119.060028,91.504181,-4.964429,0.013957
981,8.175,,,,,,,,,,,,,,,,,,,,,,,,,-119.081818,91.514099,-4.996205,0.013957
982,8.183333,,,,,,,,,,,,,,,,,,,,,,,,,-119.171822,91.517006,-5.035579,0.013957
983,8.191667,,,,,,,,,,,,,,,,,,,,,,,,,-119.109177,91.545769,-5.058554,0.013957
984,8.2,,,,,,,,,,,,,,,,,,,,,,,,,-119.151924,91.551376,-5.088912,0.013957
985,8.208333,,,,,,,,,,,,,,,,,,,,,,,,,-119.078552,91.587654,-5.107255,0.013957
986,8.216667,,,,,,,,,,,,,,,,,,,,,,,,,-119.039795,91.611885,-5.133942,0.013957
987,8.225,,,,,,,,,,,,,,,,,,,,,,,,,-119.06768,91.620842,-5.161645,0.013957
988,8.233333,,,,,,,,,,,,,,,,,,,,,,,,,-119.132591,91.620956,-5.184518,0.013957
989,8.241667,,,,,,,,,,,,,,,,,,,,,,,,,-119.166008,91.630264,-5.210492,0.013957
990,8.25,,,,,,,,,,,,,,,,,,,,,,,,,-119.257652,91.625847,-5.238183,0.013957
991,8.258333,,,,,,,,,,,,,,,,,,,,,,,,,-119.239006,91.648369,-5.258524,0.013957
992,8.266667,,,,,,,,,,,,,,,,,,,,,,,,,-119.280693,91.652145,-5.285303,0.013957
993,8.275,,,,,,,,,,,,,,,,,,,,,,,,,-119.350494,91.657578,-5.313144,0.013957
994,8.283333,,,,,,,,,,,,,,,,,,,,,,,,,-119.474281,91.639366,-5.335681,0.013957
995,8.291667,,,,,,,,,,,,,,,,,,,,,,,,,-119.588593,91.640244,-5.368811,0.013957
996,8.3,,,,,,,,,,,,,,,,,,,,,,,,,-119.235336,91.709297,-5.39157,0.013957
997,8.308333,,,,,,,,,,,,,,,,,,,,,,,,,-119.252945,91.718872,-5.42247,0.013957
998,8.316667,,,,,,,,,,,,,,,,,,,,,,,,,-119.25666,91.719299,-5.460351,0.013957
999,8.325,,,,,,,,,,,,,,,,,,,,,,,,,-119.161209,91.744225,-5.492677,0.013957
1000,8.333333,,,,,,,,,,,,,,,,,,,,,,,,,-119.121704,91.754028,-5.527887,0.013957
1001,8.341667,,,,,,,,,,,,,,,,,,,,,,,,,-119.098854,91.762466,-5.560298,0.013957
1002,8.35,,,,,,,,,,,,,,,,,,,,,,,,,-119.089386,91.761101,-5.59766,0.013957
1003,8.358333,,,,,,,,,,,,,,,,,,,,,,,,,-119.136688,91.756836,-5.636861,0.013957
1004,8.366667,,,,,,,,,,,,,,,,,,,,,,,,,-119.15152,91.747604,-5.672212,0.013957
1005,8.375,,,,,,,,,,,,,,,,,,,,,,,,,-119.169708,91.745102,-5.708372,0.013957
1006,8.383333,,,,,,,,,,,,,,,,,,,,,,,,,-119.20488,91.735809,-5.746192,0.013957
1007,8.391667,,,,,,,,,,,,,,,,,,,,,,,,,-119.259857,91.727272,-5.787153,0.013957
1008,8.4,,,,,,,,,,,,,,,,,,,,,,,,,-119.303703,91.717773,-5.825164,0.013957
1009,8.408333,,,,,,,,,,,,,,,,,,,,,,,,,-119.369949,91.709122,-5.862775,0.013957
1010,8.416667,,,,,,,,,,,,,,,,,,,,,,,,,-119.403839,91.704521,-5.902661,0.013957
1011,8.425,,,,,,,,,,,,,,,,,,,,,,,,,-119.346451,91.72139,-5.94637,0.013957
1012,8.433333,,,,,,,,,,,,,,,,,,,,,,,,,-119.340668,91.730652,-5.987389,0.013957
1013,8.441667,,,,,,,,,,,,,,,,,,,,,,,,,-119.289276,91.748421,-6.036093,0.013957
1014,8.45,,,,,,,,,,,,,,,,,,,,,,,,,-119.263779,91.764198,-6.083932,0.013957
1015,8.458333,,,,,,,,,,,,,,,,,,,,,,,,,-119.232307,91.775505,-6.12759,0.013957
1016,8.466667,,,,,,,,,,,,,,,,,,,,,,,,,-119.229149,91.784302,-6.177026,0.013957
1017,8.475,,,,,,,,,,,,,,,,,,,,,,,,,-119.186279,91.798233,-6.220899,0.013957
1018,8.483333,,,,,,,,,,,,,,,,,,,,,,,,,-119.226578,91.802505,-6.271446,0.013957
1019,8.491667,,,,,,,,,,,,,,,,,,,,,,,,,-119.305717,91.79882,-6.320716,0.013957
1020,8.5,,,,,,,,,,,,,,,,,,,,,,,,,-119.522415,91.766853,-6.365516,0.013957
1021,8.508333,,,,,,,,,,,,,,,,,,,,,,,,,-119.45652,91.797211,-6.416327,0.013957
1022,8.516667,,,,,,,,,,,,,,,,,,,,,,,,,-119.511726,91.800064,-6.465539,0.013957
1023,8.525,,,,,,,,,,,,,,,,,,,,,,,,,-119.475021,91.82238,-6.523139,0.013957
1024,8.533333,,,,,,,,,,,,,,,,,,,,,,,,,-119.415573,91.841438,-6.578787,0.013957
1025,8.541667,,,,,,,,,,,,,,,,,,,,,,,,,-119.371925,91.862991,-6.636328,0.013957
1026,8.55,,,,,,,,,,,,,,,,,,,,,,,,,-119.362572,91.878845,-6.695433,0.013957
1027,8.558333,,,,,,,,,,,,,,,,,,,,,,,,,-119.357338,91.891281,-6.754987,0.013957
1028,8.566667,,,,,,,,,,,,,,,,,,,,,,,,,-119.329247,91.903603,-6.810469,0.013957
1029,8.575,,,,,,,,,,,,,,,,,,,,,,,,,-119.390312,91.904022,-6.86593,0.013957
1030,8.583333,,,,,,,,,,,,,,,,,,,,,,,,,-119.475365,91.895279,-6.915945,0.013957
1031,8.591667,,,,,,,,,,,,,,,,,,,,,,,,,-119.518539,91.894951,-6.961668,0.013957
1032,8.6,,,,,,,,,,,,,,,,,,,,,,,,,-119.588959,91.887054,-7.011455,0.013957
1033,8.608333,,,,,,,,,,,,,,,,,,,,,,,,,-119.616302,91.889015,-7.062276,0.013957
1034,8.616667,,,,,,,,,,,,,,,,,,,,,,,,,-119.582306,91.898941,-7.111593,0.013957
1035,8.625,,,,,,,,,,,,,,,,,,,,,,,,,-119.563797,91.910851,-7.161088,0.013957
1036,8.633333,,,,,,,,,,,,,,,,,,,,,,,,,-119.540154,91.917908,-7.210799,0.013957
1037,8.641667,,,,,,,,,,,,,,,,,,,,,,,,,-119.484161,91.936211,-7.257316,0.013957
1038,8.65,,,,,,,,,,,,,,,,,,,,,,,,,-119.540009,91.92617,-7.307687,0.013957
1039,8.658333,,,,,,,,,,,,,,,,,,,,,,,,,-119.589783,91.914703,-7.354652,0.013957
1040,8.666667,,,,,,,,,,,,,,,,,,,,,,,,,-119.509659,91.941475,-7.388877,0.013957
1041,8.675,,,,,,,,,,,,,,,,,,,,,,,,,-119.492378,91.948517,-7.42817,0.013957
1042,8.683333,,,,,,,,,,,,,,,,,,,,,,,,,-119.436798,91.962395,-7.457101,0.013957
1043,8.691667,,,,,,,,,,,,,,,,,,,,,,,,,-119.523224,91.951668,-7.493303,0.013957
1044,8.7,,,,,,,,,,,,,,,,,,,,,,,,,-119.640793,91.938393,-7.528125,0.013957
1045,8.708333,,,,,,,,,,,,,,,,,,,,,,,,,-119.716682,91.930321,-7.559758,0.013957
1046,8.716667,,,,,,,,,,,,,,,,,,,,,,,,,-119.740425,91.93367,-7.592735,0.013957
1047,8.725,,,,,,,,,,,,,,,,,,,,,,,,,-119.729767,91.941872,-7.619348,0.013957
1048,8.733333,,,,,,,,,,,,,,,,,,,,,,,,,-119.75769,91.946121,-7.6496,0.013957
1049,8.741667,,,,,,,,,,,,,,,,,,,,,,,,,-119.764481,91.952286,-7.680272,0.013957
1050,8.75,,,,,,,,,,,,,,,,,,,,,,,,,-119.72699,91.965569,-7.705789,0.013957
1051,8.758333,,,,,,,,,,,,,,,,,,,,,,,,,-119.713089,91.980202,-7.733059,0.013957
1052,8.766667,,,,,,,,,,,,,,,,,,,,,,,,,-119.736053,91.982376,-7.762964,0.013957
1053,8.775,,,,,,,,,,,,,,,,,,,,,,,,,-119.805595,91.977463,-7.800239,0.013957
1054,8.783333,,,,,,,,,,,,,,,,,,,,,,,,,-119.772446,91.995689,-7.822754,0.013957
1055,8.791667,,,,,,,,,,,,,,,,,,,,,,,,,-119.789246,92.005974,-7.855839,0.013957
1056,8.8,,,,,,,,,,,,,,,,,,,,,,,,,-119.687057,92.03476,-7.873178,0.013957
1057,8.808333,,,,,,,,,,,,,,,,,,,,,,,,,-119.681274,92.048195,-7.899895,0.013957
1058,8.816667,,,,,,,,,,,,,,,,,,,,,,,,,-119.750191,92.045387,-7.926303,0.013957
1059,8.825,,,,,,,,,,,,,,,,,,,,,,,,,-119.694267,92.064621,-7.946265,0.013957
1060,8.833333,,,,,,,,,,,,,,,,,,,,,,,,,-119.684998,92.079643,-7.964715,0.013957
1061,8.841667,,,,,,,,,,,,,,,,,,,,,,,,,-119.707695,92.079857,-7.987576,0.013957
1062,8.85,,,,,,,,,,,,,,,,,,,,,,,,,-119.718193,92.087837,-8.005836,0.013957
1063,8.858333,,,,,,,,,,,,,,,,,,,,,,,,,-119.774734,92.08477,-8.030413,0.013957
1064,8.866667,,,,,,,,,,,,,,,,,,,,,,,,,-119.685471,92.112122,-8.039443,0.013957
1065,8.875,,,,,,,,,,,,,,,,,,,,,,,,,-119.65361,92.123367,-8.054515,0.013957
1066,8.883333,,,,,,,,,,,,,,,,,,,,,,,,,-119.797813,92.108086,-8.086118,0.013957
1067,8.891667,,,,,,,,,,,,,,,,,,,,,,,,,-119.921181,92.091003,-8.113291,0.013957
1068,8.9,,,,,,,,,,,,,,,,,,,,,,,,,-119.870117,92.10849,-8.129239,0.013957
1069,8.908333,,,,,,,,,,,,,,,,,,,,,,,,,-119.915833,92.105011,-8.15216,0.013957
1070,8.916667,,,,,,,,,,,,,,,,,,,,,,,,,-119.951645,92.10672,-8.174561,0.013957
1071,8.925,,,,,,,,,,,,,,,,,,,,,,,,,-119.959114,92.110428,-8.195095,0.013957
1072,8.933333,,,,,,,,,,,,,,,,,,,,,,,,,-119.965683,92.11618,-8.213678,0.013957
1073,8.941667,,,,,,,,,,,,,,,,,,,,,,,,,-119.92495,92.130432,-8.235448,0.013957
1074,8.95,,,,,,,,,,,,,,,,,,,,,,,,,-119.955444,92.128372,-8.254807,0.013957
1075,8.958333,,,,,,,,,,,,,,,,,,,,,,,,,-120.008636,92.123894,-8.280216,0.013957
1076,8.966667,,,,,,,,,,,,,,,,,,,,,,,,,-119.931076,92.141724,-8.301896,0.013957
1077,8.975,,,,,,,,,,,,,,,,,,,,,,,,,-119.918777,92.150078,-8.327004,0.013957
1078,8.983333,,,,,,,,,,,,,,,,,,,,,,,,,-119.929291,92.15419,-8.347485,0.013957
1079,8.991667,,,,,,,,,,,,,,,,,,,,,,,,,-119.909271,92.164787,-8.372046,0.013957
1080,9,,,,,,,,,,,,,,,,,,,,,,,,,-119.882416,92.174339,-8.390061,0.013957
1081,9.008333,,,,,,,,,,,,,,,,,,,,,,,,,-119.876373,92.183884,-8.412998,0.013957
1082,9.016667,,,,,,,,,,,,,,,,,,,,,,,,,-119.888268,92.189697,-8.431744,0.013957
1083,9.025,,,,,,,,,,,,,,,,,,,,,,,,,-119.870842,92.199593,-8.453664,0.013957
1084,9.033333,,,,,,,,,,,,,,,,,,,,,,,,,-119.875427,92.210587,-8.47392,0.013957
1085,9.041667,,,,,,,,,,,,,,,,,,,,,,,,,-119.922432,92.207909,-8.496582,0.013957
1086,9.05,,,,,,,,,,,,,,,,,,,,,,,,,-119.8153,92.234413,-8.515059,0.013957
1087,9.058333,,,,,,,,,,,,,,,,,,,,,,,,,-119.882324,92.229088,-8.534719,0.013957
1088,9.066667,,,,,,,,,,,,,,,,,,,,,,,,,-119.865501,92.242813,-8.555036,0.013957
1089,9.075,,,,,,,,,,,,,,,,,,,,,,,,,-119.907639,92.241058,-8.574657,0.013957
1090,9.083333,,,,,,,,,,,,,,,,,,,,,,,,,-119.889343,92.25116,-8.593053,0.013957
1091,9.091667,,,,,,,,,,,,,,,,,,,,,,,,,-119.947525,92.246017,-8.610782,0.013957
1092,9.1,,,,,,,,,,,,,,,,,,,,,,,,,-119.982704,92.25045,-8.630003,0.013957
1093,9.108333,,,,,,,,,,,,,,,,,,,,,,,,,-119.952118,92.258591,-8.644637,0.013957
1094,9.116667,,,,,,,,,,,,,,,,,,,,,,,,,-119.997536,92.257629,-8.659202,0.013957
1095,9.125,,,,,,,,,,,,,,,,,,,,,,,,,-120.051262,92.250641,-8.678886,0.013957
1096,9.133333,,,,,,,,,,,,,,,,,,,,,,,,,-120.058395,92.254066,-8.693309,0.013957
1097,9.141667,,,,,,,,,,,,,,,,,,,,,,,,,-120.062241,92.249733,-8.711752,0.013957
1098,9.15,,,,,,,,,,,,,,,,,,,,,,,,,-120.074142,92.252174,-8.729094,0.013957
1099,9.158333,,,,,,,,,,,,,,,,,,,,,,,,,-120.093475,92.247078,-8.748418,0.013957
1100,9.166667,,,,,,,,,,,,,,,,,,,,,,,,,-120.108963,92.243942,-8.771353,0.013957
1101,9.175,,,,,,,,,,,,,,,,,,,,,,,,,-120.094826,92.244843,-8.788999,0.013957
1102,9.183333,,,,,,,,,,,,,,,,,,,,,,,,,-120.130859,92.241699,-8.807147,0.013957
1103,9.191667,,,,,,,,,,,,,,,,,,,,,,,,,-120.113388,92.241898,-8.82704,0.013957
1104,9.2,,,,,,,,,,,,,,,,,,,,,,,,,-120.078171,92.257271,-8.843706,0.013957
1105,9.208333,,,,,,,,,,,,,,,,,,,,,,,,,-120.072807,92.262337,-8.865621,0.013957
1106,9.216667,,,,,,,,,,,,,,,,,,,,,,,,,-120.111893,92.26046,-8.881465,0.013957
1107,9.225,,,,,,,,,,,,,,,,,,,,,,,,,-120.072304,92.27179,-8.894379,0.013957
1108,9.233333,,,,,,,,,,,,,,,,,,,,,,,,,-120.108376,92.270126,-8.911584,0.013957
1109,9.241667,,,,,,,,,,,,,,,,,,,,,,,,,-120.043877,92.284218,-8.923175,0.013957
1110,9.25,,,,,,,,,,,,,,,,,,,,,,,,,-120.042458,92.289467,-8.936298,0.013957
1111,9.258333,,,,,,,,,,,,,,,,,,,,,,,,,-119.902481,92.313835,-8.95739,0.013957
1112,9.266667,,,,,,,,,,,,,,,,,,,,,,,,,-120.170845,92.273415,-8.980708,0.013957
1113,9.275,,,,,,,,,,,,,,,,,,,,,,,,,-119.861534,92.327652,-8.9853,0.013957
1114,9.283333,,,,,,,,,,,,,,,,,,,,,,,,,-120.05941,92.302055,-8.997308,0.013957
1115,9.291667,,,,,,,,,,,,,,,,,,,,,,,,,-120.235268,92.266312,-9.005803,0.013957
1116,9.3,,,,,,,,,,,,,,,,,,,,,,,,,-120.024086,92.308968,-9.031634,0.013957
1117,9.308333,,,,,,,,,,,,,,,,,,,,,,,,,-120.010254,92.308395,-9.056306,0.013957
1118,9.316667,,,,,,,,,,,,,,,,,,,,,,,,,-120.156075,92.291992,-9.087617,0.013957
1119,9.325,,,,,,,,,,,,,,,,,,,,,,,,,-120.075836,92.307571,-9.100449,0.013957
1120,9.333333,,,,,,,,,,,,,,,,,,,,,,,,,-120.13868,92.299454,-9.123521,0.013957
1121,9.341667,,,,,,,,,,,,,,,,,,,,,,,,,-120.060944,92.313126,-9.135366,0.013957
1122,9.35,,,,,,,,,,,,,,,,,,,,,,,,,-120.074257,92.316612,-9.15253,0.013957
1123,9.358333,,,,,,,,,,,,,,,,,,,,,,,,,-120.006348,92.330353,-9.166822,0.013957
1124,9.366667,,,,,,,,,,,,,,,,,,,,,,,,,-120.009125,92.331596,-9.182761,0.013957
1125,9.375,,,,,,,,,,,,,,,,,,,,,,,,,-120.035767,92.329071,-9.199256,0.013957
1126,9.383333,,,,,,,,,,,,,,,,,,,,,,,,,-120.083786,92.319496,-9.216736,0.013957
1127,9.391667,,,,,,,,,,,,,,,,,,,,,,,,,-120.082893,92.32058,-9.234932,0.013957
1128,9.4,,,,,,,,,,,,,,,,,,,,,,,,,-120.141647,92.312935,-9.248375,0.013957
1129,9.408333,,,,,,,,,,,,,,,,,,,,,,,,,-120.113754,92.318588,-9.265177,0.013957
1130,9.416667,,,,,,,,,,,,,,,,,,,,,,,,,-120.130371,92.314705,-9.283848,0.013957
1131,9.425,,,,,,,,,,,,,,,,,,,,,,,,,-120.141899,92.311455,-9.299252,0.013957
1132,9.433333,,,,,,,,,,,,,,,,,,,,,,,,,-120.157455,92.310837,-9.31888,0.013957
1133,9.441667,,,,,,,,,,,,,,,,,,,,,,,,,-120.191406,92.301697,-9.342435,0.013957
1134,9.45,,,,,,,,,,,,,,,,,,,,,,,,,-120.172096,92.311531,-9.363899,0.013957
1135,9.458333,,,,,,,,,,,,,,,,,,,,,,,,,-120.176849,92.310471,-9.38714,0.013957
1136,9.466667,,,,,,,,,,,,,,,,,,,,,,,,,-120.16687,92.315796,-9.410657,0.013957
1137,9.475,,,,,,,,,,,,,,,,,,,,,,,,,-120.133987,92.322708,-9.433704,0.013957
1138,9.483333,,,,,,,,,,,,,,,,,,,,,,,,,-120.152367,92.319725,-9.459886,0.013957
1139,9.491667,,,,,,,,,,,,,,,,,,,,,,,,,-120.148682,92.324989,-9.48326,0.013957
1140,9.5,,,,,,,,,,,,,,,,,,,,,,,,,-120.137039,92.329071,-9.506292,0.013957
1141,9.508333,,,,,,,,,,,,,,,,,,,,,,,,,-120.106064,92.339577,-9.526756,0.013957
1142,9.516667,,,,,,,,,,,,,,,,,,,,,,,,,-120.002472,92.35434,-9.550488,0.013957
1143,9.525,,,,,,,,,,,,,,,,,,,,,,,,,-119.976982,92.355606,-9.570025,0.013957
1144,9.533333,,,,,,,,,,,,,,,,,,,,,,,,,-119.957863,92.368355,-9.571417,0.013957
1145,9.541667,,,,,,,,,,,,,,,,,,,,,,,,,-119.937538,92.370728,-9.586058,0.013957
1146,9.55,,,,,,,,,,,,,,,,,,,,,,,,,-120.169022,92.317421,-9.625338,0.013957
1147,9.558333,,,,,,,,,,,,,,,,,,,,,,,,,-120.114494,92.31842,-9.636517,0.013957
1148,9.566667,,,,,,,,,,,,,,,,,,,,,,,,,-120.187202,92.298737,-9.653192,0.013957
1149,9.575,,,,,,,,,,,,,,,,,,,,,,,,,-120.079826,92.313278,-9.656762,0.013957
1150,9.583333,,,,,,,,,,,,,,,,,,,,,,,,,-120.205307,92.288773,-9.675672,0.013957
1151,9.591667,,,,,,,,,,,,,,,,,,,,,,,,,-120.050171,92.315216,-9.673066,0.013957
1152,9.6,,,,,,,,,,,,,,,,,,,,,,,,,-120.083794,92.303093,-9.684772,0.013957
1153,9.608333,,,,,,,,,,,,,,,,,,,,,,,,,-120.055473,92.306541,-9.695676,0.013957
1154,9.616667,,,,,,,,,,,,,,,,,,,,,,,,,-120.083412,92.295181,-9.703235,0.013957
1155,9.625,,,,,,,,,,,,,,,,,,,,,,,,,-120.040771,92.301453,-9.711632,0.013957
1156,9.633333,,,,,,,,,,,,,,,,,,,,,,,,,-120.02845,92.300407,-9.722079,0.013957
1157,9.641667,,,,,,,,,,,,,,,,,,,,,,,,,-120.053825,92.292473,-9.734254,0.013957
1158,9.65,,,,,,,,,,,,,,,,,,,,,,,,,-120.075119,92.282257,-9.749036,0.013957
1159,9.658333,,,,,,,,,,,,,,,,,,,,,,,,,-120.032501,92.290459,-9.756851,0.013957
1160,9.666667,,,,,,,,,,,,,,,,,,,,,,,,,-120.109322,92.270943,-9.775083,0.013957
1161,9.675,,,,,,,,,,,,,,,,,,,,,,,,,-120.091057,92.273514,-9.791676,0.013957
1162,9.683333,,,,,,,,,,,,,,,,,,,,,,,,,-120.082924,92.271606,-9.804225,0.013957
1163,9.691667,,,,,,,,,,,,,,,,,,,,,,,,,-120.078323,92.266487,-9.818813,0.013957
1164,9.7,,,,,,,,,,,,,,,,,,,,,,,,,-120.141556,92.251793,-9.841883,0.013957
1165,9.708333,,,,,,,,,,,,,,,,,,,,,,,,,-120.12664,92.250687,-9.857036,0.013957
1166,9.716667,,,,,,,,,,,,,,,,,,,,,,,,,-120.129982,92.250366,-9.874341,0.013957
1167,9.725,,,,,,,,,,,,,,,,,,,,,,,,,-120.130852,92.249992,-9.893615,0.013957
1168,9.733333,,,,,,,,,,,,,,,,,,,,,,,,,-120.203987,92.236137,-9.92025,0.013957
1169,9.741667,,,,,,,,,,,,,,,,,,,,,,,,,-120.250404,92.228577,-9.947076,0.013957
1170,9.75,,,,,,,,,,,,,,,,,,,,,,,,,-120.208229,92.23584,-9.967668,0.013957
1171,9.758333,,,,,,,,,,,,,,,,,,,,,,,,,-120.232758,92.236801,-9.996528,0.013957
1172,9.766667,,,,,,,,,,,,,,,,,,,,,,,,,-120.187843,92.246338,-10.026178,0.013957
1173,9.775,,,,,,,,,,,,,,,,,,,,,,,,,-120.252403,92.23999,-10.057328,0.013957
1174,9.783333,,,,,,,,,,,,,,,,,,,,,,,,,-120.326553,92.233841,-10.097887,0.013957
1175,9.791667,,,,,,,,,,,,,,,,,,,,,,,,,-120.152649,92.262825,-10.11618,0.013957
1176,9.8,,,,,,,,,,,,,,,,,,,,,,,,,-120.313957,92.238884,-10.162836,0.013957
1177,9.808333,,,,,,,,,,,,,,,,,,,,,,,,,-120.242783,92.255875,-10.194549,0.013957
1178,9.816667,,,,,,,,,,,,,,,,,,,,,,,,,-120.230225,92.254784,-10.223283,0.013957
1179,9.825,,,,,,,,,,,,,,,,,,,,,,,,,-120.167664,92.27198,-10.257976,0.013957
1180,9.833333,,,,,,,,,,,,,,,,,,,,,,,,,-120.136116,92.277832,-10.294674,0.013957
1181,9.841667,,,,,,,,,,,,,,,,,,,,,,,,,-120.183495,92.270187,-10.335615,0.013957
1182,9.85,,,,,,,,,,,,,,,,,,,,,,,,,-120.263969,92.257896,-10.374013,0.013957
1183,9.858333,,,,,,,,,,,,,,,,,,,,,,,,,-120.268509,92.255936,-10.416881,0.013957
1184,9.866667,,,,,,,,,,,,,,,,,,,,,,,,,-120.291901,92.251266,-10.458162,0.013957
1185,9.875,,,,,,,,,,,,,,,,,,,,,,,,,-120.339462,92.247017,-10.498788,0.013957
1186,9.883333,,,,,,,,,,,,,,,,,,,,,,,,,-120.327881,92.247574,-10.545855,0.013957
1187,9.891667,,,,,,,,,,,,,,,,,,,,,,,,,-120.342018,92.245842,-10.594025,0.013957
1188,9.9,,,,,,,,,,,,,,,,,,,,,,,,,-120.32238,92.247749,-10.637669,0.013957
1189,9.908333,,,,,,,,,,,,,,,,,,,,,,,,,-120.071625,92.292496,-10.690076,0.013957
1190,9.916667,,,,,,,,,,,,,,,,,,,,,,,,,-119.847595,92.338913,-10.725417,0.013957
1191,9.925,,,,,,,,,,,,,,,,,,,,,,,,,-120.329628,92.252151,-10.783425,0.013957
1192,9.933333,,,,,,,,,,,,,,,,,,,,,,,,,-120.288788,92.260254,-10.823401,0.013957
1193,9.941667,,,,,,,,,,,,,,,,,,,,,,,,,-120.347382,92.247818,-10.867203,0.013957
1194,9.95,,,,,,,,,,,,,,,,,,,,,,,,,-120.360474,92.243217,-10.907721,0.013957
1195,9.958333,,,,,,,,,,,,,,,,,,,,,,,,,-120.356354,92.245544,-10.945282,0.013957
1196,9.966667,,,,,,,,,,,,,,,,,,,,,,,,,-120.410965,92.239967,-10.983948,0.013957
1197,9.975,,,,,,,,,,,,,,,,,,,,,,,,,-120.43821,92.235794,-11.025798,0.013957
1198,9.983333,,,,,,,,,,,,,,,,,,,,,,,,,-120.456787,92.240265,-11.062459,0.013957
1199,9.991667,,,,,,,,,,,,,,,,,,,,,,,,,-120.488037,92.239586,-11.103262,0.013957